amount_expected,amount_actual,amount_diff_pct,time_pending_seconds,decline_code_category,remitter_bank_historical_td_rate,is_duplicate_flag,label
63978.74,58699.21,8.252,18,none,0.1724,0,wrong_amount
8785.19,8785.19,0.0,4,BD,0.0658,0,no_mismatch
56168.38,56168.38,0.0,90,none,0.0629,0,wrong_amount
80962.1,100534.54,24.1748,44,TD,0.0617,0,no_mismatch
10310.81,10310.81,0.0,46,none,0.1549,0,stuck_payment
73000.21,73000.21,0.0,119,none,0.1425,0,wrong_amount
61890.12,61890.12,0.0,74,TD,0.0267,0,no_mismatch
77329.53,77329.53,0.0,110,TD,0.0342,0,no_mismatch
63604.88,63604.88,0.0,48,none,0.1708,0,stuck_payment
68386.41,55358.88,19.0499,21,none,0.0748,0,wrong_amount
68847.38,68847.38,0.0,42,none,0.1962,0,no_mismatch
3306.81,3306.81,0.0,35,BD,0.2292,0,no_mismatch
71819.64,71819.64,0.0,64,none,0.2295,0,stuck_payment
26561.53,26561.53,0.0,72,none,0.1893,0,stuck_payment
58394.94,58394.94,0.0,18,none,0.0318,1,duplicate_charge
11053.95,11053.95,0.0,102,none,0.1531,0,stuck_payment
59629.25,59629.25,0.0,33,none,0.2166,1,duplicate_charge
72100.11,72100.11,0.0,69,none,0.1945,0,stuck_payment
29420.66,29450.3,0.1007,65,none,0.1318,0,wrong_amount
62567.49,62567.49,0.0,65,none,0.0467,0,stuck_payment
53983.97,53983.97,0.0,68,none,0.1537,0,stuck_payment
11275.59,11275.59,0.0,107,none,0.0675,0,stuck_payment
56778.96,44311.61,21.9577,98,none,0.0402,0,wrong_amount
94690.18,109680.31,15.8307,28,none,0.1913,0,wrong_amount
71323.6,71323.6,0.0,86,none,0.1151,0,stuck_payment
12188.32,12188.32,0.0,44,BD,0.1429,0,no_mismatch
818.36,818.36,0.0,8,TD,0.2273,0,no_mismatch
7178.65,7178.65,0.0,86,none,0.1394,0,stuck_payment
88250.07,88250.07,0.0,32,none,0.2038,0,no_mismatch
9783.39,9783.39,0.0,55,none,0.2173,1,duplicate_charge
65380.2,65380.2,0.0,8,none,0.0914,0,no_mismatch
24940.77,28297.95,13.4606,24,TD,0.07,0,no_mismatch
44368.76,44368.76,0.0,71,BD,0.1665,0,no_mismatch
1574.31,1218.16,22.6226,22,none,0.1255,0,wrong_amount
90254.04,90313.4,0.0658,34,none,0.1984,0,wrong_amount
69689.49,69689.49,0.0,101,none,0.1824,0,stuck_payment
29741.11,29741.11,0.0,75,none,0.0246,0,stuck_payment
5109.22,5109.22,0.0,118,none,0.0478,0,stuck_payment
8103.14,6656.24,17.856,52,BD,0.2237,0,no_mismatch
59492.46,59492.46,0.0,54,none,0.1457,0,stuck_payment
26150.49,26150.49,0.0,41,TD,0.105,0,no_mismatch
30069.71,30069.71,0.0,97,none,0.0122,0,duplicate_charge
56343.07,65431.12,16.1298,17,none,0.2214,0,wrong_amount
37015.76,46274.44,25.0128,79,none,0.2037,0,wrong_amount
66819.53,66819.53,0.0,120,none,0.2353,0,stuck_payment
11631.32,13562.18,16.6005,37,none,0.1822,0,wrong_amount
63460.37,63460.37,0.0,63,TD,0.228,1,duplicate_charge
63465.02,63465.02,0.0,6,BD,0.1951,0,no_mismatch
26269.33,26269.33,0.0,71,none,0.1446,0,wrong_amount
94510.59,94510.59,0.0,20,none,0.2103,0,no_mismatch
14894.57,13516.47,9.2524,116,none,0.1737,0,wrong_amount
35432.5,35432.5,0.0,112,none,0.159,0,stuck_payment
92995.11,92995.11,0.0,103,none,0.2215,1,duplicate_charge
73682.79,73682.79,0.0,120,none,0.1708,0,stuck_payment
24891.91,30129.05,21.0395,112,BD,0.123,0,stuck_payment
91853.34,91853.34,0.0,106,none,0.0646,1,duplicate_charge
19393.67,19393.67,0.0,111,BD,0.1956,0,stuck_payment
50989.63,50989.63,0.0,108,none,0.2354,0,stuck_payment
97043.02,125065.23,28.8761,5,BD,0.1143,0,no_mismatch
31436.36,31436.36,0.0,66,BD,0.2259,0,no_mismatch
4534.21,4534.21,0.0,67,none,0.1392,0,stuck_payment
74220.81,74220.81,0.0,47,none,0.2377,0,stuck_payment
62353.23,62353.23,0.0,16,none,0.0821,0,no_mismatch
40898.45,40898.45,0.0,38,none,0.056,0,duplicate_charge
37976.61,37976.61,0.0,23,none,0.0822,0,wrong_amount
140.55,140.55,0.0,56,none,0.1556,0,stuck_payment
44234.42,44234.42,0.0,66,none,0.2263,0,stuck_payment
17052.17,19689.53,15.4664,12,none,0.1903,0,no_mismatch
22541.6,22375.45,0.7371,61,none,0.1944,0,wrong_amount
88625.08,88625.08,0.0,92,none,0.1287,0,stuck_payment
65640.2,50851.91,22.5293,100,none,0.0522,0,wrong_amount
51843.98,47967.4,7.4774,59,BD,0.1215,0,no_mismatch
55936.64,55936.64,0.0,97,none,0.157,0,stuck_payment
50527.34,50527.34,0.0,71,none,0.0482,0,stuck_payment
45061.97,45061.97,0.0,108,none,0.1938,0,stuck_payment
62712.17,62712.17,0.0,10,none,0.0663,0,no_mismatch
89313.38,93355.59,4.5259,89,TD,0.0613,0,no_mismatch
33155.05,33155.05,0.0,8,TD,0.1108,0,no_mismatch
58449.53,58449.53,0.0,110,none,0.1482,0,stuck_payment
94279.89,94279.89,0.0,50,none,0.2388,0,stuck_payment
74776.82,74776.82,0.0,78,none,0.1272,0,stuck_payment
48615.64,48615.64,0.0,86,none,0.107,0,stuck_payment
46792.28,38056.86,18.6685,117,none,0.1455,1,duplicate_charge
64310.69,55402.51,13.8518,34,none,0.0608,0,wrong_amount
76146.85,76146.85,0.0,97,none,0.1112,0,stuck_payment
47083.65,47083.65,0.0,7,none,0.094,0,no_mismatch
78145.18,78145.18,0.0,97,BD,0.0693,0,no_mismatch
62171.43,62171.43,0.0,61,none,0.1454,0,stuck_payment
69976.55,69976.55,0.0,22,none,0.2413,0,no_mismatch
77801.41,70540.94,9.3321,119,none,0.1726,0,wrong_amount
39725.78,39725.78,0.0,10,none,0.2093,0,no_mismatch
69749.58,69749.58,0.0,88,none,0.0391,0,stuck_payment
78285.27,78285.27,0.0,55,none,0.0265,0,stuck_payment
1363.95,1363.95,0.0,63,BD,0.2406,0,stuck_payment
82887.86,82887.86,0.0,56,TD,0.1352,0,wrong_amount
61629.64,61629.64,0.0,100,none,0.1145,0,stuck_payment
26912.71,26912.71,0.0,107,none,0.0769,0,stuck_payment
75072.58,75072.58,0.0,86,none,0.0169,0,stuck_payment
18265.8,18265.8,0.0,103,TD,0.0771,0,no_mismatch
88022.72,88022.72,0.0,67,none,0.0305,0,stuck_payment
48908.93,48908.93,0.0,89,none,0.1808,0,stuck_payment
1822.6,1822.6,0.0,52,none,0.0835,0,stuck_payment
47378.72,47378.72,0.0,55,none,0.1421,0,stuck_payment
45429.15,45429.15,0.0,30,BD,0.0562,0,no_mismatch
53632.81,53632.81,0.0,24,TD,0.1873,0,no_mismatch
58999.73,58999.73,0.0,77,TD,0.0341,0,no_mismatch
22825.57,22727.7,0.4288,36,BD,0.0231,0,no_mismatch
94414.55,94414.55,0.0,97,none,0.2195,0,stuck_payment
46992.75,46992.75,0.0,24,none,0.0706,0,no_mismatch
11497.31,9800.67,14.7568,20,BD,0.1451,0,wrong_amount
99392.42,76598.22,22.9335,100,none,0.1181,0,wrong_amount
86030.65,86030.65,0.0,40,none,0.0245,0,no_mismatch
10013.43,10013.43,0.0,81,TD,0.1685,0,no_mismatch
17463.97,17478.99,0.086,89,none,0.0799,0,wrong_amount
70724.89,70724.89,0.0,59,BD,0.066,0,no_mismatch
79145.65,79145.65,0.0,103,none,0.112,0,stuck_payment
64798.71,64798.71,0.0,106,BD,0.0243,0,no_mismatch
59544.9,59544.9,0.0,118,TD,0.0398,0,stuck_payment
70003.4,70003.4,0.0,65,none,0.1151,0,no_mismatch
88953.35,88953.35,0.0,78,TD,0.0319,0,no_mismatch
83612.27,83612.27,0.0,3,none,0.1713,0,no_mismatch
4119.14,4119.14,0.0,61,none,0.1161,0,stuck_payment
99694.85,99694.85,0.0,105,none,0.0319,0,stuck_payment
33397.51,33397.51,0.0,110,TD,0.1088,0,no_mismatch
66292.1,66292.1,0.0,98,none,0.1192,0,stuck_payment
32395.05,32395.05,0.0,52,none,0.208,1,duplicate_charge
86949.81,86949.81,0.0,7,TD,0.0968,0,wrong_amount
62578.33,62578.33,0.0,27,TD,0.0414,0,no_mismatch
88096.58,88096.58,0.0,4,none,0.1561,0,no_mismatch
15921.98,15921.98,0.0,71,none,0.0639,0,stuck_payment
11434.77,11434.77,0.0,83,none,0.1296,0,stuck_payment
50936.31,50936.31,0.0,107,none,0.1233,0,no_mismatch
14549.73,11933.09,17.9841,111,BD,0.1954,0,no_mismatch
34053.54,34053.54,0.0,35,none,0.0779,0,no_mismatch
58735.08,58735.08,0.0,63,none,0.1172,0,stuck_payment
33310.75,33310.75,0.0,49,none,0.0872,0,stuck_payment
69780.09,69780.09,0.0,30,none,0.1086,0,wrong_amount
47350.33,47350.33,0.0,49,none,0.1693,0,stuck_payment
98083.73,98083.73,0.0,5,BD,0.2417,0,no_mismatch
10126.42,10126.42,0.0,13,none,0.1197,0,no_mismatch
41056.86,41056.86,0.0,20,BD,0.1976,0,no_mismatch
62363.61,62363.61,0.0,11,none,0.2146,0,stuck_payment
38062.94,38062.94,0.0,92,none,0.1271,0,stuck_payment
61784.2,61784.2,0.0,88,none,0.2494,0,stuck_payment
43453.75,35191.77,19.0133,57,TD,0.0819,1,duplicate_charge
32505.03,36001.23,10.7559,19,TD,0.1089,0,no_mismatch
18087.68,21395.36,18.2869,80,none,0.1294,0,wrong_amount
23295.63,23295.63,0.0,59,TD,0.0123,0,no_mismatch
90130.82,90130.82,0.0,21,BD,0.2369,0,no_mismatch
29985.51,29985.51,0.0,89,TD,0.2129,0,no_mismatch
38530.86,38530.86,0.0,31,none,0.0962,0,no_mismatch
69957.98,87378.48,24.9014,36,BD,0.2176,0,no_mismatch
97362.92,97362.92,0.0,96,none,0.227,0,stuck_payment
79906.13,79906.13,0.0,46,TD,0.0556,0,no_mismatch
75582.17,75582.17,0.0,88,none,0.1608,0,stuck_payment
64669.43,64669.43,0.0,57,BD,0.0976,0,no_mismatch
90971.82,90971.82,0.0,54,TD,0.0417,0,no_mismatch
97151.81,97151.81,0.0,117,TD,0.0495,0,no_mismatch
94424.36,94424.36,0.0,38,none,0.0913,0,no_mismatch
96293.04,124213.25,28.995,109,none,0.0978,0,wrong_amount
1490.47,1490.47,0.0,59,none,0.1898,0,stuck_payment
38164.45,38164.45,0.0,48,BD,0.0661,1,duplicate_charge
88435.06,88435.06,0.0,118,none,0.1654,0,stuck_payment
46480.33,46480.33,0.0,84,none,0.0435,0,stuck_payment
30506.02,30506.02,0.0,13,TD,0.139,0,no_mismatch
37164.05,37164.05,0.0,90,none,0.1106,0,duplicate_charge
15536.84,15536.84,0.0,13,none,0.1578,0,no_mismatch
28046.04,28046.04,0.0,28,none,0.2381,0,no_mismatch
10025.53,10025.53,0.0,70,none,0.1648,1,duplicate_charge
27660.56,27660.56,0.0,109,none,0.032,0,stuck_payment
63985.34,63985.34,0.0,7,none,0.0685,0,no_mismatch
56501.34,43531.38,22.9551,76,TD,0.2187,0,no_mismatch
14840.66,14840.66,0.0,1,TD,0.2462,0,no_mismatch
54067.52,54067.52,0.0,15,none,0.0162,1,duplicate_charge
79019.47,79019.47,0.0,42,BD,0.0737,0,no_mismatch
42153.96,42958.66,1.909,100,none,0.1525,0,wrong_amount
22232.82,22232.82,0.0,94,none,0.2181,0,stuck_payment
45858.45,45858.45,0.0,8,none,0.2134,0,no_mismatch
10885.39,10885.39,0.0,57,BD,0.0294,0,no_mismatch
6661.66,6661.66,0.0,82,none,0.1809,0,stuck_payment
59779.45,59779.45,0.0,65,none,0.0338,0,stuck_payment
85293.99,85293.99,0.0,99,none,0.2177,0,stuck_payment
88820.29,88820.29,0.0,106,none,0.1098,1,duplicate_charge
42733.72,42733.72,0.0,48,none,0.1748,0,stuck_payment
9213.36,10407.64,12.9625,104,BD,0.0244,0,no_mismatch
56212.17,56212.17,0.0,53,none,0.1697,0,stuck_payment
86822.41,86822.41,0.0,37,none,0.0944,0,no_mismatch
21352.61,21352.61,0.0,29,none,0.094,0,no_mismatch
11577.04,11577.04,0.0,29,none,0.2128,0,no_mismatch
81860.84,81860.84,0.0,83,none,0.1562,0,stuck_payment
69377.77,75066.16,8.1992,118,none,0.0115,0,stuck_payment
56675.48,56675.48,0.0,19,none,0.2432,1,duplicate_charge
53095.22,53095.22,0.0,59,none,0.0988,0,stuck_payment
77705.88,77705.88,0.0,11,none,0.0473,0,no_mismatch
5071.27,5745.97,13.3044,63,none,0.1094,0,wrong_amount
51283.4,51283.4,0.0,15,TD,0.1728,0,no_mismatch
66746.54,58831.2,11.8588,1,TD,0.2369,0,no_mismatch
76439.67,76439.67,0.0,16,BD,0.1893,0,no_mismatch
38082.72,38082.72,0.0,65,none,0.1703,0,stuck_payment
39767.41,39767.41,0.0,56,BD,0.2311,0,no_mismatch
57618.34,57618.34,0.0,91,none,0.0795,0,stuck_payment
96623.35,124091.9,28.4285,107,none,0.0968,0,wrong_amount
10675.73,10675.73,0.0,52,none,0.105,0,stuck_payment
34017.38,34017.38,0.0,22,BD,0.162,0,no_mismatch
19470.98,19470.98,0.0,45,none,0.2065,0,stuck_payment
23703.26,22299.66,5.9215,98,none,0.0281,0,wrong_amount
62832.08,62832.08,0.0,73,none,0.1177,0,wrong_amount
56492.73,56492.73,0.0,80,none,0.243,0,stuck_payment
44032.31,44032.31,0.0,81,none,0.0759,1,duplicate_charge
50782.95,50782.95,0.0,58,BD,0.0985,0,no_mismatch
64502.18,64502.18,0.0,12,none,0.1317,0,no_mismatch
55476.21,55476.21,0.0,115,BD,0.2282,0,no_mismatch
18905.12,18905.12,0.0,65,TD,0.0248,0,wrong_amount
89922.77,89922.77,0.0,92,BD,0.1651,1,duplicate_charge
70791.41,70791.41,0.0,68,none,0.0481,0,stuck_payment
28361.07,28361.07,0.0,44,none,0.0226,0,stuck_payment
33531.47,33531.47,0.0,72,none,0.0782,0,stuck_payment
65690.75,65690.75,0.0,112,TD,0.0296,0,no_mismatch
91682.97,91682.97,0.0,84,none,0.1041,0,stuck_payment
93806.42,93806.42,0.0,49,none,0.0888,0,stuck_payment
70312.8,70312.8,0.0,88,none,0.0324,0,stuck_payment
50898.0,46181.11,9.2673,44,none,0.1267,0,wrong_amount
13842.78,10335.85,25.334,65,none,0.2104,0,wrong_amount
3870.97,3870.97,0.0,99,none,0.1533,0,stuck_payment
18166.51,18166.51,0.0,80,none,0.0497,0,stuck_payment
41144.78,41144.78,0.0,31,none,0.1565,0,no_mismatch
78401.66,78401.66,0.0,31,none,0.2041,0,no_mismatch
83527.83,83527.83,0.0,74,none,0.1208,0,stuck_payment
38249.06,38249.06,0.0,21,none,0.2023,0,no_mismatch
25075.32,25075.32,0.0,112,none,0.2342,0,stuck_payment
51639.35,50339.06,2.518,35,none,0.1332,0,wrong_amount
9262.19,9262.19,0.0,105,none,0.0939,1,duplicate_charge
5420.36,5420.36,0.0,31,none,0.0296,0,no_mismatch
31936.62,38784.48,21.442,102,BD,0.0192,0,no_mismatch
47298.25,47298.25,0.0,98,none,0.1177,1,duplicate_charge
8014.65,8014.65,0.0,107,BD,0.2357,0,no_mismatch
42383.15,42383.15,0.0,31,none,0.0215,0,no_mismatch
79410.52,79410.52,0.0,15,none,0.13,0,no_mismatch
63232.3,63232.3,0.0,92,BD,0.113,0,no_mismatch
24132.37,24132.37,0.0,86,none,0.1356,0,stuck_payment
95345.03,95345.03,0.0,101,none,0.143,0,stuck_payment
47066.49,47066.49,0.0,48,TD,0.0139,0,no_mismatch
34545.77,34545.77,0.0,81,BD,0.1497,0,no_mismatch
13427.62,13427.62,0.0,44,none,0.052,0,stuck_payment
46515.83,46515.83,0.0,81,TD,0.0424,0,wrong_amount
94366.15,88658.34,6.0486,114,BD,0.234,0,duplicate_charge
98913.36,98913.36,0.0,33,BD,0.1653,0,no_mismatch
86227.64,103190.63,19.6723,16,none,0.1149,0,wrong_amount
44029.69,44029.69,0.0,44,none,0.1291,0,stuck_payment
92438.62,92438.62,0.0,103,BD,0.1119,0,no_mismatch
99510.31,90739.77,8.8137,11,none,0.081,0,wrong_amount
71794.52,81356.13,13.318,6,none,0.2288,0,wrong_amount
43550.56,43550.56,0.0,102,none,0.028,0,duplicate_charge
36394.78,36394.78,0.0,87,TD,0.0175,0,wrong_amount
67841.08,67841.08,0.0,17,BD,0.1968,0,no_mismatch
38347.15,38347.15,0.0,78,TD,0.118,0,stuck_payment
44449.53,46286.54,4.1328,51,none,0.0769,0,wrong_amount
2688.74,2270.63,15.5504,34,none,0.179,0,wrong_amount
61226.53,61226.53,0.0,63,TD,0.0426,1,duplicate_charge
17348.37,17348.37,0.0,12,none,0.2422,0,no_mismatch
66817.2,66817.2,0.0,71,none,0.2239,0,stuck_payment
71209.73,71209.73,0.0,82,TD,0.0968,0,no_mismatch
98514.74,98514.74,0.0,31,none,0.0163,0,no_mismatch
36954.23,36954.23,0.0,71,BD,0.2222,1,stuck_payment
39876.18,39876.18,0.0,62,none,0.1946,0,stuck_payment
7467.7,7467.7,0.0,83,BD,0.1218,0,no_mismatch
12920.63,12920.63,0.0,71,none,0.0537,0,stuck_payment
43318.57,43318.57,0.0,8,none,0.1343,0,no_mismatch
16280.5,16280.5,0.0,29,none,0.2358,0,duplicate_charge
84608.78,84608.78,0.0,82,none,0.0759,0,stuck_payment
61481.39,49658.39,19.2302,22,none,0.183,0,wrong_amount
84268.75,84268.75,0.0,106,none,0.0295,0,stuck_payment
77125.13,77125.13,0.0,27,none,0.11,0,no_mismatch
49854.0,49854.0,0.0,38,none,0.0825,0,no_mismatch
80754.2,80754.2,0.0,59,BD,0.0244,0,no_mismatch
48476.69,48476.69,0.0,78,BD,0.2168,0,no_mismatch
98803.53,98803.53,0.0,52,BD,0.0989,0,no_mismatch
31979.68,31979.68,0.0,35,none,0.0438,1,wrong_amount
94543.95,94543.95,0.0,54,TD,0.2177,0,no_mismatch
32810.84,32810.84,0.0,41,TD,0.0482,0,no_mismatch
46734.83,46734.83,0.0,64,BD,0.2369,0,no_mismatch
96671.99,96671.99,0.0,46,BD,0.0775,0,no_mismatch
84300.68,84300.68,0.0,37,none,0.2133,0,no_mismatch
88257.33,88257.33,0.0,98,none,0.0209,1,duplicate_charge
56225.5,56225.5,0.0,37,BD,0.131,0,stuck_payment
28044.1,28044.1,0.0,88,none,0.0409,1,duplicate_charge
37382.51,37382.51,0.0,72,none,0.1912,0,stuck_payment
50961.34,50961.34,0.0,6,BD,0.1813,0,no_mismatch
51981.34,38053.38,26.7942,42,none,0.0864,0,wrong_amount
61688.4,61688.4,0.0,76,none,0.2088,0,stuck_payment
70903.11,70903.11,0.0,105,BD,0.0895,0,no_mismatch
41712.37,41712.37,0.0,116,none,0.1751,1,duplicate_charge
47511.56,47511.56,0.0,101,none,0.1488,0,stuck_payment
5230.38,5230.38,0.0,68,none,0.1587,0,stuck_payment
14862.79,14862.79,0.0,5,none,0.1781,0,no_mismatch
44159.75,44159.75,0.0,53,none,0.1085,0,stuck_payment
92060.04,92060.04,0.0,95,none,0.1794,0,no_mismatch
56132.59,56132.59,0.0,62,none,0.0853,0,stuck_payment
91221.2,91221.2,0.0,46,none,0.2182,0,stuck_payment
80384.89,80384.89,0.0,62,TD,0.0692,0,no_mismatch
22564.22,22564.22,0.0,39,none,0.1792,0,no_mismatch
48951.41,48951.41,0.0,72,none,0.2009,0,stuck_payment
12275.22,12275.22,0.0,49,none,0.1047,0,stuck_payment
77329.13,76352.28,1.2632,45,none,0.1674,0,wrong_amount
21477.28,21477.28,0.0,35,none,0.1771,0,no_mismatch
61606.14,61606.14,0.0,32,BD,0.2272,0,no_mismatch
23360.37,25675.77,9.9117,13,none,0.043,0,wrong_amount
97793.28,116948.19,19.5871,62,none,0.1914,0,wrong_amount
28612.99,22014.1,23.0626,69,none,0.2141,1,duplicate_charge
92154.94,92154.94,0.0,108,TD,0.2307,0,no_mismatch
39759.76,39759.76,0.0,120,none,0.2193,0,stuck_payment
3842.87,3842.87,0.0,78,BD,0.2459,0,no_mismatch
98911.04,98911.04,0.0,64,none,0.0422,0,duplicate_charge
27356.42,27356.42,0.0,43,TD,0.1201,0,no_mismatch
18701.29,18701.29,0.0,102,TD,0.1719,0,no_mismatch
61134.35,61134.35,0.0,52,none,0.1337,1,duplicate_charge
66958.66,69784.07,4.2196,120,TD,0.0726,0,no_mismatch
75400.29,75400.29,0.0,39,none,0.1475,0,no_mismatch
36019.25,36019.25,0.0,86,BD,0.0836,0,no_mismatch
50301.8,50301.8,0.0,91,none,0.1757,0,stuck_payment
94069.5,94069.5,0.0,29,TD,0.0421,0,no_mismatch
74798.71,74798.71,0.0,54,none,0.2291,0,stuck_payment
80219.3,80219.3,0.0,98,TD,0.1911,0,no_mismatch
8278.84,8278.84,0.0,91,none,0.2301,0,stuck_payment
82894.53,82894.53,0.0,26,none,0.046,0,no_mismatch
52082.12,55292.24,6.1636,12,none,0.1169,1,duplicate_charge
13281.24,13281.24,0.0,73,BD,0.121,0,no_mismatch
72355.68,72355.68,0.0,105,BD,0.0623,1,duplicate_charge
42427.37,42427.37,0.0,70,none,0.2343,1,duplicate_charge
93384.18,81929.08,12.2666,99,none,0.185,0,wrong_amount
37508.65,37508.65,0.0,58,none,0.2276,0,stuck_payment
68304.76,68304.76,0.0,70,BD,0.2165,0,no_mismatch
99285.39,99285.39,0.0,17,none,0.0634,1,wrong_amount
2371.26,2371.26,0.0,87,none,0.1118,0,stuck_payment
23043.44,23043.44,0.0,20,TD,0.235,0,no_mismatch
11373.18,11373.18,0.0,54,none,0.2347,0,stuck_payment
24142.56,28444.77,17.82,77,none,0.2193,0,wrong_amount
4519.25,4519.25,0.0,70,TD,0.2173,1,duplicate_charge
50439.2,50439.2,0.0,105,none,0.1483,0,no_mismatch
77276.57,77276.57,0.0,31,none,0.0444,0,no_mismatch
22182.17,22182.17,0.0,8,none,0.152,0,no_mismatch
17595.81,17595.81,0.0,72,none,0.2433,0,stuck_payment
67167.12,67167.12,0.0,41,none,0.108,0,stuck_payment
18469.51,18469.51,0.0,31,none,0.0822,0,no_mismatch
80597.04,80597.04,0.0,72,none,0.11,0,wrong_amount
38903.06,38903.06,0.0,43,none,0.2313,0,stuck_payment
9337.15,9337.15,0.0,25,BD,0.1005,0,no_mismatch
4050.8,3072.76,24.1444,62,TD,0.2277,0,stuck_payment
90908.52,90908.52,0.0,25,none,0.0382,0,duplicate_charge
47944.2,47944.2,0.0,78,none,0.1052,0,no_mismatch
32229.34,32229.34,0.0,60,none,0.0962,0,stuck_payment
51330.37,51330.37,0.0,13,none,0.1834,0,no_mismatch
32091.31,32091.31,0.0,41,none,0.145,0,stuck_payment
14677.68,14677.68,0.0,120,none,0.1828,0,stuck_payment
19699.56,19699.56,0.0,73,none,0.1298,0,stuck_payment
68516.18,68516.18,0.0,106,none,0.1837,0,wrong_amount
46136.82,46136.82,0.0,46,TD,0.1829,0,no_mismatch
91698.25,91698.25,0.0,83,none,0.1357,0,stuck_payment
7525.61,7525.61,0.0,7,none,0.109,0,no_mismatch
23220.2,23220.2,0.0,2,TD,0.1194,1,duplicate_charge
63809.09,63809.09,0.0,117,none,0.1271,1,duplicate_charge
55209.19,63978.28,15.8834,69,none,0.0141,0,wrong_amount
67435.89,67435.89,0.0,117,TD,0.2303,0,wrong_amount
24172.79,24172.79,0.0,33,none,0.0742,0,stuck_payment
37367.85,37367.85,0.0,73,TD,0.1773,0,no_mismatch
82823.4,58183.23,29.7503,12,none,0.1005,0,wrong_amount
63711.13,63711.13,0.0,11,none,0.1141,0,no_mismatch
56629.08,56629.08,0.0,13,none,0.2306,0,duplicate_charge
90137.17,90137.17,0.0,73,none,0.0212,1,no_mismatch
92565.92,92565.92,0.0,73,none,0.053,0,no_mismatch
1664.24,1664.24,0.0,19,none,0.1811,0,no_mismatch
7786.06,8348.52,7.2239,87,none,0.0896,0,wrong_amount
14081.06,14081.06,0.0,93,BD,0.1889,0,no_mismatch
9858.81,9858.81,0.0,10,none,0.1946,0,no_mismatch
39730.63,39730.63,0.0,4,none,0.1981,0,no_mismatch
22891.03,22891.03,0.0,49,none,0.1731,0,stuck_payment
8660.84,8660.84,0.0,103,TD,0.0276,0,duplicate_charge
38062.0,38062.0,0.0,20,none,0.086,0,duplicate_charge
619.0,619.0,0.0,47,none,0.0345,1,duplicate_charge
43154.85,43154.85,0.0,66,none,0.0163,0,stuck_payment
9397.12,9397.12,0.0,42,none,0.013,0,stuck_payment
77938.99,77938.99,0.0,72,none,0.2448,0,stuck_payment
17041.33,17041.33,0.0,18,TD,0.0744,0,no_mismatch
16804.02,16804.02,0.0,39,none,0.0285,0,no_mismatch
24734.35,24734.35,0.0,77,none,0.1199,0,stuck_payment
776.06,776.06,0.0,108,none,0.203,0,stuck_payment
33540.15,33540.15,0.0,111,none,0.1527,0,stuck_payment
60360.81,60360.81,0.0,62,none,0.2415,0,stuck_payment
29215.67,29215.67,0.0,63,none,0.1977,0,stuck_payment
28101.98,28101.98,0.0,47,BD,0.1453,0,no_mismatch
54608.35,54608.35,0.0,71,BD,0.1845,0,no_mismatch
21043.87,21043.87,0.0,107,none,0.2066,0,stuck_payment
40973.24,40973.24,0.0,82,none,0.0706,0,stuck_payment
42370.48,42370.48,0.0,58,none,0.125,0,wrong_amount
50710.6,50710.6,0.0,89,none,0.0188,0,stuck_payment
70193.27,70193.27,0.0,77,none,0.0304,0,stuck_payment
65794.4,65794.4,0.0,83,none,0.1452,0,duplicate_charge
64709.69,64709.69,0.0,43,none,0.1133,1,duplicate_charge
25947.96,25947.96,0.0,67,none,0.175,0,stuck_payment
37474.54,37474.54,0.0,87,none,0.1301,0,stuck_payment
2553.81,2234.53,12.5021,15,none,0.1852,0,wrong_amount
34372.36,34372.36,0.0,67,none,0.1243,0,wrong_amount
69706.65,69706.65,0.0,39,BD,0.1806,1,duplicate_charge
34373.49,26123.14,24.0021,67,TD,0.0484,0,no_mismatch
95850.42,95850.42,0.0,52,none,0.0547,0,stuck_payment
39618.68,39618.68,0.0,114,TD,0.1521,0,no_mismatch
70503.09,70503.09,0.0,97,none,0.201,0,stuck_payment
79970.29,79970.29,0.0,47,none,0.1198,0,stuck_payment
86277.39,86277.39,0.0,82,none,0.1033,0,stuck_payment
11511.78,11511.78,0.0,59,none,0.2053,0,stuck_payment
29814.74,29814.74,0.0,11,none,0.0852,0,no_mismatch
11783.2,11783.2,0.0,19,none,0.1104,0,no_mismatch
38432.63,31105.07,19.066,72,TD,0.0793,0,no_mismatch
84214.32,84214.32,0.0,111,none,0.0123,0,stuck_payment
81540.07,81540.07,0.0,65,none,0.1082,0,stuck_payment
71043.22,71043.22,0.0,22,BD,0.0174,0,no_mismatch
29279.78,29279.78,0.0,69,TD,0.1974,0,no_mismatch
77277.51,77277.51,0.0,66,BD,0.0374,0,no_mismatch
82345.95,82345.95,0.0,106,none,0.1924,0,stuck_payment
21932.34,21932.34,0.0,95,none,0.1903,0,stuck_payment
99931.34,99931.34,0.0,45,none,0.0309,0,stuck_payment
11826.86,11826.86,0.0,27,none,0.1511,0,no_mismatch
71104.32,71104.32,0.0,22,none,0.1984,0,no_mismatch
80563.51,80563.51,0.0,69,TD,0.1393,0,no_mismatch
70434.97,70434.97,0.0,35,none,0.1335,0,no_mismatch
81536.57,99884.85,22.5031,118,BD,0.0766,0,no_mismatch
70172.51,73252.04,4.3885,107,TD,0.2125,0,no_mismatch
14302.95,14302.95,0.0,81,none,0.1185,0,no_mismatch
88024.5,101640.97,15.469,89,none,0.0986,0,wrong_amount
32796.2,25179.37,23.2247,94,none,0.1624,0,wrong_amount
85025.61,85025.61,0.0,51,TD,0.1131,0,no_mismatch
26926.83,26926.83,0.0,44,none,0.0413,0,stuck_payment
78851.53,78851.53,0.0,98,BD,0.0339,0,no_mismatch
46012.22,57851.1,25.7299,59,BD,0.2399,0,no_mismatch
68890.33,55456.42,19.5004,112,none,0.0758,0,wrong_amount
25113.89,25113.89,0.0,116,none,0.0224,0,stuck_payment
72626.24,72626.24,0.0,55,none,0.1789,1,duplicate_charge
47732.99,50972.79,6.7873,2,BD,0.0925,0,no_mismatch
86048.0,86048.0,0.0,62,BD,0.1019,0,no_mismatch
10332.47,10332.47,0.0,113,TD,0.1019,0,no_mismatch
87462.28,87462.28,0.0,87,BD,0.1373,1,duplicate_charge
65037.02,65037.02,0.0,93,TD,0.1896,0,no_mismatch
61645.99,61645.99,0.0,28,BD,0.0341,0,no_mismatch
58998.43,58998.43,0.0,55,none,0.0436,0,stuck_payment
8516.45,8516.45,0.0,77,none,0.0784,0,stuck_payment
2779.76,2779.76,0.0,113,none,0.1343,0,stuck_payment
74809.58,74809.58,0.0,7,none,0.2005,0,no_mismatch
38649.97,38649.97,0.0,82,none,0.1368,0,stuck_payment
98689.57,98689.57,0.0,17,none,0.2114,0,duplicate_charge
54680.99,46953.8,14.1314,3,none,0.0133,0,wrong_amount
92265.67,92265.67,0.0,51,none,0.1609,0,stuck_payment
41601.66,41601.66,0.0,11,none,0.139,0,no_mismatch
8451.35,6116.35,27.6287,69,none,0.1507,0,wrong_amount
65018.97,65018.97,0.0,40,none,0.1852,0,no_mismatch
5884.8,6652.42,13.0441,79,none,0.0842,0,wrong_amount
74091.75,58356.58,21.2374,21,none,0.0932,0,wrong_amount
82268.44,82268.44,0.0,48,BD,0.1975,0,no_mismatch
88652.83,88652.83,0.0,4,none,0.113,0,no_mismatch
26368.67,26368.67,0.0,81,BD,0.1192,0,no_mismatch
50011.04,50011.04,0.0,48,TD,0.1956,0,no_mismatch
67444.63,52455.88,22.2238,6,none,0.0129,1,duplicate_charge
36461.25,36461.25,0.0,23,none,0.2158,0,no_mismatch
91403.37,91403.37,0.0,54,TD,0.0696,0,no_mismatch
32061.52,32061.52,0.0,74,none,0.1305,0,no_mismatch
18016.5,18016.5,0.0,6,none,0.0265,0,no_mismatch
28302.46,28302.46,0.0,42,BD,0.1196,0,no_mismatch
29230.35,29230.35,0.0,95,none,0.1213,0,duplicate_charge
49386.73,49386.73,0.0,26,none,0.1412,0,no_mismatch
15141.58,15141.58,0.0,4,TD,0.0931,0,no_mismatch
87732.14,87732.14,0.0,1,none,0.1003,0,no_mismatch
30820.31,30820.31,0.0,31,none,0.2407,0,no_mismatch
14323.11,14323.11,0.0,6,none,0.2253,0,no_mismatch
70114.61,70114.61,0.0,96,BD,0.0329,0,no_mismatch
82014.29,95985.55,17.0352,85,none,0.0668,0,stuck_payment
31569.39,31569.39,0.0,90,none,0.0883,0,stuck_payment
23437.76,23437.76,0.0,18,none,0.1503,0,no_mismatch
16521.06,16521.06,0.0,53,BD,0.096,0,no_mismatch
45246.52,45246.52,0.0,110,BD,0.0478,0,duplicate_charge
82656.03,82656.03,0.0,6,TD,0.2156,0,no_mismatch
71144.62,71144.62,0.0,51,none,0.1725,0,stuck_payment
99068.59,111087.96,12.1324,72,none,0.07,0,no_mismatch
80409.29,80119.87,0.3599,17,TD,0.1061,0,no_mismatch
93763.73,77276.31,17.584,3,none,0.0575,0,wrong_amount
80948.94,101524.91,25.4185,16,BD,0.1206,0,no_mismatch
57431.03,57431.03,0.0,51,none,0.1019,0,stuck_payment
35458.93,35458.93,0.0,36,TD,0.222,1,no_mismatch
61955.74,61955.74,0.0,38,none,0.2219,0,no_mismatch
8863.38,8863.38,0.0,54,TD,0.2223,0,wrong_amount
63112.36,63112.36,0.0,102,BD,0.1018,0,no_mismatch
48020.48,48020.48,0.0,45,none,0.1306,0,stuck_payment
18063.61,18063.61,0.0,29,BD,0.2046,0,no_mismatch
80884.52,80884.52,0.0,46,none,0.2499,0,stuck_payment
10103.42,10103.42,0.0,35,none,0.1999,0,no_mismatch
76428.57,76428.57,0.0,74,none,0.2014,0,stuck_payment
83938.3,83938.3,0.0,23,TD,0.0863,0,no_mismatch
35942.43,35942.43,0.0,91,none,0.2374,0,stuck_payment
56354.58,73058.19,29.6402,70,none,0.1277,1,duplicate_charge
23339.07,23339.07,0.0,68,none,0.0896,0,stuck_payment
80663.9,80663.9,0.0,23,none,0.2126,0,no_mismatch
2289.1,2289.1,0.0,118,BD,0.0366,0,no_mismatch
36552.5,44278.58,21.1369,76,BD,0.0824,0,no_mismatch
15834.64,15834.64,0.0,102,none,0.1269,0,stuck_payment
70747.57,70747.57,0.0,114,none,0.1989,0,stuck_payment
58936.12,64361.7,9.2059,17,TD,0.0104,0,no_mismatch
57326.2,57326.2,0.0,99,none,0.0178,0,stuck_payment
92111.72,92111.72,0.0,29,none,0.035,0,no_mismatch
33183.73,36636.92,10.4063,22,none,0.2411,0,wrong_amount
67035.45,67035.45,0.0,43,none,0.0737,0,stuck_payment
6872.7,6872.7,0.0,14,none,0.0216,0,no_mismatch
42023.36,47243.49,12.422,45,none,0.0343,0,wrong_amount
86418.67,86418.67,0.0,88,TD,0.1183,0,no_mismatch
3437.94,3167.88,7.8553,10,none,0.2231,0,wrong_amount
7592.74,7592.74,0.0,12,none,0.2465,0,duplicate_charge
70480.01,70480.01,0.0,84,TD,0.2235,0,no_mismatch
10215.66,10215.66,0.0,25,none,0.143,0,no_mismatch
54058.53,54058.53,0.0,39,TD,0.0219,0,duplicate_charge
84001.47,93095.16,10.8256,12,TD,0.1689,0,no_mismatch
20047.51,21075.77,5.1291,11,none,0.0377,0,wrong_amount
47147.35,47147.35,0.0,34,BD,0.1406,0,no_mismatch
88560.72,88560.72,0.0,58,BD,0.1155,0,duplicate_charge
83724.17,83724.17,0.0,20,none,0.1702,1,no_mismatch
34444.76,34444.76,0.0,97,none,0.1429,0,stuck_payment
81858.68,81858.68,0.0,69,none,0.2347,0,stuck_payment
23640.64,23640.64,0.0,51,none,0.1814,0,stuck_payment
90055.46,90055.46,0.0,87,none,0.0454,0,stuck_payment
44959.07,44959.07,0.0,22,none,0.204,0,no_mismatch
42395.15,42395.15,0.0,56,TD,0.2074,0,no_mismatch
59545.26,59545.26,0.0,94,none,0.0261,0,stuck_payment
39795.76,39795.76,0.0,36,none,0.2301,1,duplicate_charge
70071.17,70071.17,0.0,101,none,0.1095,0,stuck_payment
58834.62,58834.62,0.0,13,none,0.145,0,no_mismatch
28680.68,28680.68,0.0,45,none,0.0734,0,stuck_payment
57245.12,57245.12,0.0,23,TD,0.0445,0,no_mismatch
69396.76,87916.94,26.6874,89,TD,0.189,0,duplicate_charge
89713.43,111712.76,24.5218,40,TD,0.128,0,no_mismatch
9911.92,9911.92,0.0,18,none,0.1885,0,no_mismatch
32154.74,32154.74,0.0,78,none,0.0551,0,stuck_payment
82414.55,82414.55,0.0,98,none,0.0997,1,duplicate_charge
79169.89,96023.14,21.2874,18,none,0.1358,0,wrong_amount
17456.36,17456.36,0.0,26,none,0.0699,0,no_mismatch
91811.3,91811.3,0.0,36,none,0.1214,0,no_mismatch
92315.05,92315.05,0.0,31,none,0.1526,0,no_mismatch
87061.03,87061.03,0.0,45,none,0.211,0,stuck_payment
83103.93,82418.58,0.8247,21,none,0.1972,0,wrong_amount
22212.97,22212.97,0.0,27,TD,0.1083,1,duplicate_charge
78052.34,78052.34,0.0,2,none,0.0418,0,no_mismatch
80106.39,80106.39,0.0,78,none,0.0833,0,stuck_payment
64309.76,64309.76,0.0,49,none,0.1202,0,stuck_payment
30284.29,30284.29,0.0,80,none,0.0346,0,stuck_payment
66269.31,66269.31,0.0,48,none,0.1525,0,stuck_payment
68472.87,68472.87,0.0,44,none,0.1637,0,stuck_payment
26188.58,26188.58,0.0,115,none,0.0552,0,stuck_payment
24106.18,30306.3,25.72,85,none,0.0436,1,duplicate_charge
49787.55,49787.55,0.0,117,none,0.1032,1,no_mismatch
70836.09,70836.09,0.0,25,none,0.1812,0,no_mismatch
63867.53,63867.53,0.0,86,none,0.082,0,stuck_payment
65795.71,65795.71,0.0,38,BD,0.0407,0,no_mismatch
80853.55,80853.55,0.0,24,none,0.2259,0,no_mismatch
22303.13,22303.13,0.0,112,none,0.1991,0,stuck_payment
26129.87,26129.87,0.0,109,BD,0.0229,0,duplicate_charge
58073.28,58073.28,0.0,61,none,0.1301,0,stuck_payment
38228.76,38228.76,0.0,7,none,0.0462,0,wrong_amount
34332.72,34332.72,0.0,115,none,0.1198,0,stuck_payment
71595.28,71595.28,0.0,63,none,0.2468,0,stuck_payment
5895.56,5895.56,0.0,27,none,0.0505,0,no_mismatch
49008.75,49008.75,0.0,12,BD,0.1141,0,no_mismatch
42959.64,42959.64,0.0,1,BD,0.0579,0,no_mismatch
1506.3,1506.3,0.0,107,none,0.0143,1,duplicate_charge
73386.96,73386.96,0.0,113,none,0.0409,0,stuck_payment
58908.2,73467.72,24.7156,38,none,0.1349,0,wrong_amount
43423.16,43423.16,0.0,18,none,0.2263,0,no_mismatch
18923.76,18923.76,0.0,118,none,0.0146,0,stuck_payment
98489.46,98489.46,0.0,3,none,0.0506,0,no_mismatch
65088.98,82205.11,26.2965,99,none,0.0217,0,wrong_amount
66230.79,66230.79,0.0,3,BD,0.0378,0,stuck_payment
12447.15,12447.15,0.0,90,TD,0.1768,0,no_mismatch
30181.53,30181.53,0.0,85,none,0.1595,0,stuck_payment
41940.69,41940.69,0.0,66,none,0.0383,0,stuck_payment
10715.74,11358.68,6.0,107,none,0.0584,0,wrong_amount
29605.58,25196.62,14.8923,89,none,0.0893,1,duplicate_charge
67196.15,67196.15,0.0,107,none,0.1286,0,stuck_payment
77974.67,94901.13,21.7076,83,TD,0.2473,0,no_mismatch
46481.31,44044.37,5.2428,110,TD,0.2024,0,no_mismatch
73880.17,57075.06,22.7464,2,none,0.1692,0,wrong_amount
35816.99,35816.99,0.0,80,TD,0.1859,0,no_mismatch
34338.0,38461.74,12.0093,35,none,0.1756,0,wrong_amount
42231.81,42231.81,0.0,22,BD,0.1771,1,duplicate_charge
94252.45,106016.52,12.4814,103,none,0.1152,0,wrong_amount
77938.51,77938.51,0.0,111,none,0.2112,0,stuck_payment
13152.47,13152.47,0.0,15,none,0.1158,1,duplicate_charge
65531.86,48460.7,26.0502,86,none,0.1346,0,wrong_amount
61862.08,61862.08,0.0,94,TD,0.093,0,no_mismatch
38549.17,38549.17,0.0,72,none,0.1571,1,duplicate_charge
93443.7,93443.7,0.0,61,none,0.2187,1,duplicate_charge
49215.63,49215.63,0.0,36,BD,0.0634,0,no_mismatch
40387.37,40387.37,0.0,59,none,0.1475,1,duplicate_charge
49895.77,49895.77,0.0,64,none,0.0143,0,stuck_payment
3679.61,3679.61,0.0,106,BD,0.155,0,no_mismatch
30529.34,30529.34,0.0,27,none,0.1195,0,duplicate_charge
82548.57,82548.57,0.0,109,none,0.1444,0,stuck_payment
47366.05,47366.05,0.0,92,none,0.0334,0,stuck_payment
319.48,319.48,0.0,82,none,0.0801,0,no_mismatch
70239.4,66779.51,4.9259,106,none,0.1832,0,wrong_amount
61124.09,78181.75,27.9066,28,none,0.1975,0,wrong_amount
10865.8,10865.8,0.0,119,none,0.1713,0,stuck_payment
89186.26,89186.26,0.0,76,none,0.0423,0,stuck_payment
53083.4,67978.27,28.0594,119,none,0.2311,0,wrong_amount
57897.58,57897.58,0.0,17,BD,0.1678,0,no_mismatch
32252.19,32252.19,0.0,54,none,0.2298,0,wrong_amount
27432.23,27432.23,0.0,38,none,0.042,0,no_mismatch
70031.43,70031.43,0.0,39,none,0.1415,0,no_mismatch
73708.18,73708.18,0.0,28,TD,0.1598,0,no_mismatch
34594.83,34594.83,0.0,91,none,0.24,0,stuck_payment
69461.77,69461.77,0.0,15,none,0.1449,0,no_mismatch
94273.1,94273.1,0.0,87,none,0.2119,0,stuck_payment
84745.38,84745.38,0.0,67,BD,0.1014,1,wrong_amount
5754.82,5754.82,0.0,101,TD,0.0788,0,no_mismatch
83954.24,83954.24,0.0,38,TD,0.1399,0,duplicate_charge
45314.19,45314.19,0.0,87,none,0.2176,0,stuck_payment
56170.93,56170.93,0.0,101,none,0.1771,0,stuck_payment
4793.29,4793.29,0.0,54,none,0.2442,0,stuck_payment
55257.25,59424.52,7.5416,107,TD,0.1621,0,no_mismatch
36837.34,36837.34,0.0,95,none,0.1963,0,stuck_payment
29488.35,23448.89,20.4808,23,none,0.0386,1,duplicate_charge
27983.31,27983.31,0.0,21,none,0.0712,0,no_mismatch
70997.96,74272.59,4.6123,77,BD,0.2338,0,no_mismatch
66222.83,66222.83,0.0,74,none,0.0275,0,stuck_payment
52586.97,52586.97,0.0,67,BD,0.1312,0,no_mismatch
53749.89,50182.3,6.6374,85,none,0.0966,0,wrong_amount
75290.3,75290.3,0.0,72,none,0.2455,1,no_mismatch
66926.95,66926.95,0.0,116,none,0.2305,0,stuck_payment
4083.74,4083.74,0.0,49,none,0.2368,0,stuck_payment
54069.71,54069.71,0.0,117,none,0.1949,0,stuck_payment
50922.69,50922.69,0.0,38,none,0.0562,0,no_mismatch
94826.36,67622.26,28.6883,81,BD,0.1709,0,no_mismatch
86508.59,86508.59,0.0,14,TD,0.2089,0,no_mismatch
74163.37,74163.37,0.0,105,none,0.1893,0,stuck_payment
45976.6,45976.6,0.0,12,BD,0.0527,0,no_mismatch
7137.17,7137.17,0.0,117,TD,0.1031,0,no_mismatch
43359.2,34600.76,20.1997,83,none,0.0252,0,wrong_amount
4647.13,4647.13,0.0,46,none,0.0355,0,wrong_amount
30204.94,37139.69,22.959,49,none,0.1686,0,wrong_amount
53393.43,59656.97,11.7309,82,BD,0.1725,0,no_mismatch
79522.21,79522.21,0.0,48,none,0.0127,0,stuck_payment
14223.25,16667.45,17.1845,69,none,0.0304,0,wrong_amount
74168.91,74168.91,0.0,28,none,0.165,0,no_mismatch
16179.34,16179.34,0.0,107,TD,0.0375,0,no_mismatch
56772.54,69564.35,22.5317,83,none,0.0798,1,duplicate_charge
9910.42,9910.42,0.0,63,none,0.0957,0,stuck_payment
23529.83,23529.83,0.0,9,none,0.0863,0,no_mismatch
61672.61,61672.61,0.0,75,TD,0.146,0,no_mismatch
95870.03,86860.97,9.3972,92,none,0.1147,0,wrong_amount
13517.15,13517.15,0.0,113,none,0.1169,0,stuck_payment
48748.44,39307.2,19.3673,108,TD,0.2083,0,no_mismatch
19723.55,19723.55,0.0,81,BD,0.0281,1,duplicate_charge
50767.11,59629.8,17.4575,99,none,0.2275,0,wrong_amount
54392.59,54392.59,0.0,61,none,0.0457,0,stuck_payment
89154.61,89154.61,0.0,110,TD,0.1215,0,no_mismatch
39738.84,39738.84,0.0,85,TD,0.2414,0,no_mismatch
68447.75,68447.75,0.0,18,none,0.053,0,no_mismatch
65975.39,65975.39,0.0,95,none,0.2354,1,duplicate_charge
76171.09,76171.09,0.0,34,none,0.0203,0,wrong_amount
90781.84,90781.84,0.0,61,none,0.2216,1,duplicate_charge
64887.62,83739.61,29.0533,107,none,0.1489,0,wrong_amount
37728.29,37728.29,0.0,76,none,0.2105,0,wrong_amount
37695.25,37695.25,0.0,67,none,0.2061,0,stuck_payment
79286.48,79286.48,0.0,1,none,0.0434,0,no_mismatch
7801.11,7801.11,0.0,28,TD,0.0478,0,wrong_amount
81713.81,81713.81,0.0,54,none,0.1829,0,stuck_payment
47933.58,47933.58,0.0,21,none,0.1086,0,no_mismatch
12875.72,12875.72,0.0,18,none,0.0194,0,duplicate_charge
5685.61,5685.61,0.0,24,none,0.1073,0,duplicate_charge
63798.51,63798.51,0.0,94,none,0.078,1,duplicate_charge
44975.42,44975.42,0.0,112,none,0.0626,0,stuck_payment
14356.94,14356.94,0.0,99,TD,0.1683,0,no_mismatch
72446.26,72446.26,0.0,59,none,0.0265,0,stuck_payment
13308.1,15395.47,15.685,106,BD,0.0331,0,no_mismatch
61513.34,47047.62,23.5164,12,none,0.0413,0,wrong_amount
82769.43,82769.43,0.0,100,none,0.1136,0,stuck_payment
87494.95,87494.95,0.0,55,TD,0.2026,0,no_mismatch
38185.53,38185.53,0.0,95,none,0.2109,0,stuck_payment
42606.39,42606.39,0.0,99,TD,0.2162,0,no_mismatch
87688.95,87688.95,0.0,25,BD,0.1885,1,duplicate_charge
52301.81,52301.81,0.0,49,none,0.1751,0,stuck_payment
36290.75,43384.95,19.5482,34,none,0.1117,0,wrong_amount
27628.5,27628.5,0.0,97,TD,0.1425,0,duplicate_charge
17954.09,17954.09,0.0,62,TD,0.0836,0,no_mismatch
70578.91,70578.91,0.0,110,none,0.0386,0,stuck_payment
78332.62,78332.62,0.0,13,TD,0.1061,0,no_mismatch
55102.56,55102.56,0.0,91,BD,0.1034,0,no_mismatch
80456.5,80456.5,0.0,61,none,0.1145,1,duplicate_charge
22254.85,22507.88,1.137,120,none,0.1574,0,wrong_amount
71189.42,71189.42,0.0,100,none,0.1637,0,stuck_payment
20250.55,20250.55,0.0,103,none,0.0567,0,stuck_payment
51103.73,51103.73,0.0,79,TD,0.0187,0,duplicate_charge
128.7,167.19,29.9068,46,none,0.1073,0,wrong_amount
1635.12,1635.12,0.0,118,BD,0.0783,0,no_mismatch
91509.4,91509.4,0.0,105,TD,0.1555,0,duplicate_charge
92978.41,92978.41,0.0,34,TD,0.1315,0,no_mismatch
50366.6,50366.6,0.0,15,none,0.2396,0,no_mismatch
81333.42,81333.42,0.0,89,none,0.1005,0,stuck_payment
24403.0,24403.0,0.0,100,none,0.1206,0,duplicate_charge
2832.33,2774.0,2.0594,87,none,0.202,0,wrong_amount
35374.32,35374.32,0.0,90,none,0.0696,1,duplicate_charge
67402.42,67402.42,0.0,10,none,0.0528,0,no_mismatch
21934.76,21934.76,0.0,24,none,0.1739,0,no_mismatch
49950.03,60970.71,22.0634,27,TD,0.2104,0,no_mismatch
35667.13,35667.13,0.0,16,none,0.1722,0,no_mismatch
61421.31,61421.31,0.0,70,none,0.2135,0,stuck_payment
31610.15,31610.15,0.0,113,none,0.2185,0,stuck_payment
98441.03,98441.03,0.0,36,none,0.19,0,duplicate_charge
52620.97,52620.97,0.0,70,BD,0.0933,0,no_mismatch
77612.81,77612.81,0.0,16,none,0.1204,0,no_mismatch
1280.82,1280.82,0.0,75,BD,0.0968,0,no_mismatch
18796.53,18796.53,0.0,35,none,0.1571,0,no_mismatch
49927.12,49927.12,0.0,90,none,0.0976,0,stuck_payment
45127.83,45127.83,0.0,74,none,0.2054,0,stuck_payment
80428.35,80428.35,0.0,110,none,0.045,0,stuck_payment
15039.85,15039.85,0.0,23,none,0.0423,0,duplicate_charge
63102.13,63102.13,0.0,41,none,0.082,0,no_mismatch
56826.67,56826.67,0.0,89,TD,0.0617,0,no_mismatch
83913.27,102657.9,22.3381,47,none,0.1438,0,wrong_amount
34479.61,34479.61,0.0,45,none,0.2411,0,stuck_payment
57631.86,57631.86,0.0,23,none,0.0783,0,no_mismatch
51093.41,51093.41,0.0,58,none,0.1015,0,stuck_payment
63208.05,66386.52,5.0286,54,none,0.1472,0,wrong_amount
7227.27,7722.86,6.8572,84,TD,0.0742,0,no_mismatch
27197.69,27197.69,0.0,111,none,0.1895,0,stuck_payment
45083.84,33530.35,25.6267,94,TD,0.0704,0,no_mismatch
74999.0,74999.0,0.0,51,BD,0.0253,0,wrong_amount
54888.53,48350.5,11.9115,14,TD,0.0473,0,no_mismatch
88558.58,88558.58,0.0,32,none,0.1164,0,no_mismatch
52721.56,53278.55,1.0565,111,none,0.2174,0,wrong_amount
87102.74,87102.74,0.0,71,none,0.2427,0,stuck_payment
17785.96,17785.96,0.0,81,none,0.2206,0,stuck_payment
64014.67,64014.67,0.0,117,none,0.1395,0,stuck_payment
44241.84,44241.84,0.0,34,TD,0.0125,0,no_mismatch
75853.52,69327.23,8.6038,89,none,0.2373,0,wrong_amount
1012.35,1012.35,0.0,38,none,0.2012,0,no_mismatch
18938.24,18938.24,0.0,56,none,0.0492,0,stuck_payment
39033.35,39033.35,0.0,34,BD,0.1601,0,no_mismatch
80015.91,80015.91,0.0,89,none,0.0783,0,duplicate_charge
80899.98,80899.98,0.0,110,BD,0.0428,0,wrong_amount
45588.77,45588.77,0.0,90,none,0.0551,1,duplicate_charge
5058.24,5058.24,0.0,24,none,0.0777,0,no_mismatch
43897.82,42709.07,2.708,64,TD,0.1109,0,no_mismatch
49889.74,49889.74,0.0,90,none,0.0893,0,stuck_payment
95169.24,73023.53,23.2698,70,none,0.0561,0,wrong_amount
81743.35,81743.35,0.0,16,none,0.1815,0,wrong_amount
97499.72,97499.72,0.0,5,TD,0.1865,1,duplicate_charge
66634.19,66634.19,0.0,50,none,0.0849,0,stuck_payment
62953.51,45249.27,28.1227,33,none,0.0817,0,wrong_amount
5303.54,5303.54,0.0,15,TD,0.1142,1,duplicate_charge
79459.6,79459.6,0.0,51,none,0.0121,1,duplicate_charge
78369.18,78369.18,0.0,77,TD,0.195,0,no_mismatch
50041.93,50041.93,0.0,44,none,0.2493,0,stuck_payment
6071.54,6071.54,0.0,90,none,0.0358,0,stuck_payment
31742.28,31742.28,0.0,83,none,0.2033,0,stuck_payment
19377.23,19377.23,0.0,46,none,0.0702,1,wrong_amount
70691.94,70691.94,0.0,70,none,0.0555,0,duplicate_charge
34831.7,34831.7,0.0,36,none,0.1537,0,no_mismatch
16118.31,16118.31,0.0,58,TD,0.0732,0,no_mismatch
171.91,171.91,0.0,49,none,0.2219,0,stuck_payment
36471.11,36471.11,0.0,42,none,0.168,0,stuck_payment
38810.33,38810.33,0.0,64,none,0.047,0,wrong_amount
41039.47,41039.47,0.0,13,none,0.026,0,no_mismatch
13064.45,13064.45,0.0,26,BD,0.056,1,duplicate_charge
64210.99,64210.99,0.0,63,none,0.1783,0,stuck_payment
36698.77,36698.77,0.0,10,BD,0.231,0,no_mismatch
92847.53,92847.53,0.0,60,none,0.0246,0,stuck_payment
93830.56,93830.56,0.0,48,none,0.024,0,stuck_payment
52949.18,52949.18,0.0,107,none,0.2367,0,stuck_payment
9802.21,9802.21,0.0,69,none,0.0563,0,stuck_payment
57045.76,57045.76,0.0,72,none,0.1096,0,stuck_payment
63898.57,63898.57,0.0,59,none,0.1125,0,stuck_payment
79266.91,79266.91,0.0,65,none,0.048,0,duplicate_charge
44356.92,44356.92,0.0,41,none,0.2492,0,stuck_payment
41293.09,41293.09,0.0,106,none,0.156,0,no_mismatch
21471.42,21471.42,0.0,119,none,0.0964,0,stuck_payment
95986.46,96985.58,1.0409,77,BD,0.0424,0,no_mismatch
756.23,756.23,0.0,28,none,0.0152,0,no_mismatch
69002.95,69002.95,0.0,71,none,0.147,0,stuck_payment
9519.28,9519.28,0.0,20,BD,0.0981,0,no_mismatch
23376.12,23376.12,0.0,12,none,0.1466,0,no_mismatch
7812.44,7812.44,0.0,62,TD,0.2082,0,stuck_payment
57665.62,57665.62,0.0,77,none,0.019,0,stuck_payment
38216.46,38216.46,0.0,118,none,0.0935,0,stuck_payment
41710.52,41710.52,0.0,112,none,0.1894,0,stuck_payment
92872.45,92872.45,0.0,81,none,0.0831,1,duplicate_charge
54038.98,45893.7,15.073,20,BD,0.1856,0,no_mismatch
44617.06,44617.06,0.0,65,BD,0.1137,0,no_mismatch
14886.44,14886.44,0.0,61,none,0.0218,0,duplicate_charge
8599.39,8599.39,0.0,100,none,0.1929,0,no_mismatch
19891.04,19891.04,0.0,74,TD,0.1578,0,no_mismatch
24699.96,30456.05,23.304,88,none,0.0315,0,wrong_amount
42411.71,42411.71,0.0,42,none,0.1673,0,stuck_payment
17008.6,17008.6,0.0,106,none,0.1161,0,stuck_payment
4583.27,4583.27,0.0,26,none,0.0474,0,no_mismatch
8672.86,8672.86,0.0,32,none,0.2324,0,no_mismatch
82031.38,64957.18,20.8142,40,none,0.0155,0,wrong_amount
53846.75,53846.75,0.0,67,none,0.1417,0,stuck_payment
99230.98,99230.98,0.0,86,BD,0.1499,0,no_mismatch
4443.85,4823.2,8.5365,7,none,0.2368,1,duplicate_charge
66071.25,66071.25,0.0,117,none,0.2174,1,duplicate_charge
86754.3,86754.3,0.0,30,none,0.132,0,no_mismatch
90396.82,90396.82,0.0,77,none,0.0547,0,stuck_payment
45852.83,45852.83,0.0,3,BD,0.2313,0,no_mismatch
49044.29,49044.29,0.0,3,none,0.0945,0,no_mismatch
23696.86,23696.86,0.0,65,TD,0.0249,0,no_mismatch
38778.34,38778.34,0.0,4,none,0.2378,0,no_mismatch
34244.44,34244.44,0.0,18,BD,0.1017,0,no_mismatch
61283.59,61283.59,0.0,30,none,0.1475,0,no_mismatch
31307.04,31307.04,0.0,58,none,0.0596,0,stuck_payment
54181.25,54181.25,0.0,111,BD,0.1752,0,no_mismatch
90965.32,90965.32,0.0,117,none,0.0448,0,stuck_payment
91719.5,91719.5,0.0,72,none,0.1827,0,stuck_payment
83968.3,84711.97,0.8857,113,none,0.2407,0,wrong_amount
74586.41,74586.41,0.0,82,none,0.0757,0,stuck_payment
10766.47,13229.37,22.8757,78,none,0.0654,0,wrong_amount
68769.05,68769.05,0.0,89,none,0.0422,0,stuck_payment
46929.47,46929.47,0.0,24,none,0.1279,0,no_mismatch
19406.66,14955.28,22.9374,119,TD,0.1091,0,no_mismatch
98825.52,98825.52,0.0,9,TD,0.2391,0,stuck_payment
61744.23,61744.23,0.0,111,none,0.0692,0,stuck_payment
4278.44,4278.44,0.0,49,none,0.1046,0,stuck_payment
57236.25,57236.25,0.0,83,none,0.1989,0,stuck_payment
45215.8,45215.8,0.0,6,none,0.069,0,no_mismatch
98384.68,86949.86,11.6226,25,TD,0.1055,0,no_mismatch
82779.34,82779.34,0.0,55,TD,0.2306,0,no_mismatch
90377.2,90377.2,0.0,83,none,0.1834,0,stuck_payment
77895.24,77895.24,0.0,90,none,0.1043,0,wrong_amount
2588.72,2588.72,0.0,115,none,0.0585,0,stuck_payment
25083.22,25083.22,0.0,117,none,0.0494,0,stuck_payment
9210.0,9210.0,0.0,82,none,0.1357,0,stuck_payment
79127.55,79127.55,0.0,21,none,0.1013,0,no_mismatch
91234.05,91234.05,0.0,85,none,0.0489,0,stuck_payment
76938.76,84050.03,9.2428,37,none,0.0382,0,stuck_payment
20364.89,20364.89,0.0,33,BD,0.1294,0,stuck_payment
80764.71,80764.71,0.0,64,TD,0.1513,0,no_mismatch
41074.12,33679.12,18.004,113,none,0.1587,0,wrong_amount
82542.73,86214.82,4.4487,5,BD,0.0178,0,no_mismatch
60368.22,60368.22,0.0,12,BD,0.1101,0,no_mismatch
67241.84,67241.84,0.0,89,none,0.1473,0,stuck_payment
96632.7,96632.7,0.0,47,none,0.0324,0,stuck_payment
36920.09,36920.09,0.0,9,none,0.2124,1,duplicate_charge
47134.6,59287.1,25.7825,68,none,0.0604,0,stuck_payment
5912.64,5912.64,0.0,81,none,0.031,0,stuck_payment
60517.32,60517.32,0.0,91,TD,0.1561,0,no_mismatch
52586.58,52586.58,0.0,46,none,0.1574,0,stuck_payment
72945.56,72945.56,0.0,104,TD,0.1563,0,no_mismatch
97927.84,97222.17,0.7206,95,none,0.2019,0,wrong_amount
41462.71,41462.71,0.0,72,none,0.061,0,stuck_payment
69032.7,69032.7,0.0,9,none,0.1316,0,no_mismatch
712.51,712.51,0.0,44,none,0.1465,0,stuck_payment
83221.07,104038.79,25.015,118,none,0.0185,0,wrong_amount
15623.09,15623.09,0.0,111,none,0.0904,0,stuck_payment
41453.91,41453.91,0.0,107,none,0.1456,0,stuck_payment
55562.2,65187.07,17.3227,103,none,0.201,1,duplicate_charge
15015.56,15015.56,0.0,44,none,0.1604,0,stuck_payment
57141.07,57141.07,0.0,77,BD,0.1978,0,no_mismatch
85796.17,85796.17,0.0,35,none,0.1293,0,no_mismatch
45245.44,45245.44,0.0,28,none,0.052,0,no_mismatch
3835.76,3835.76,0.0,12,none,0.016,0,no_mismatch
50055.43,63925.42,27.7093,100,none,0.1947,1,no_mismatch
98229.12,98229.12,0.0,17,TD,0.0188,0,no_mismatch
86494.54,78424.4,9.3302,88,none,0.2193,0,wrong_amount
88929.67,109370.75,22.9857,3,none,0.0849,0,wrong_amount
32155.95,34825.45,8.3017,99,none,0.0382,0,duplicate_charge
27436.32,22308.55,18.6897,27,none,0.1418,0,wrong_amount
94333.45,94333.45,0.0,74,TD,0.0271,0,no_mismatch
33940.02,33940.02,0.0,17,BD,0.2268,1,wrong_amount
38421.6,42939.63,11.7591,79,none,0.0898,0,wrong_amount
75864.41,75864.41,0.0,11,none,0.1914,0,no_mismatch
13266.35,13266.35,0.0,118,none,0.0333,0,stuck_payment
64477.42,64477.42,0.0,61,TD,0.0637,0,no_mismatch
61732.51,61732.51,0.0,51,TD,0.2301,0,no_mismatch
86093.08,86093.08,0.0,63,BD,0.1241,0,no_mismatch
46178.04,35539.2,23.0387,66,BD,0.2062,0,no_mismatch
32654.39,32654.39,0.0,102,none,0.1206,0,stuck_payment
23933.67,23933.67,0.0,21,none,0.1021,0,no_mismatch
81410.18,81410.18,0.0,101,none,0.1461,0,no_mismatch
69443.9,83394.23,20.0886,15,none,0.1211,0,wrong_amount
82220.1,58642.21,28.6766,77,BD,0.2054,0,wrong_amount
37953.21,37953.21,0.0,85,BD,0.0622,0,no_mismatch
58118.71,58118.71,0.0,104,BD,0.0452,0,duplicate_charge
53172.46,53172.46,0.0,74,none,0.0594,0,stuck_payment
30043.56,30043.56,0.0,87,none,0.2364,0,stuck_payment
98259.77,98259.77,0.0,12,none,0.1568,0,no_mismatch
84778.91,84778.91,0.0,8,none,0.1417,1,duplicate_charge
70365.08,70365.08,0.0,46,BD,0.0777,1,duplicate_charge
43228.38,43228.38,0.0,81,none,0.1019,0,stuck_payment
54557.37,54557.37,0.0,61,BD,0.1433,0,no_mismatch
36092.76,36092.76,0.0,37,none,0.1708,0,duplicate_charge
7267.43,8840.39,21.644,85,none,0.2477,1,no_mismatch
64260.07,64260.07,0.0,59,none,0.1769,0,stuck_payment
62362.52,62362.52,0.0,55,none,0.118,0,stuck_payment
18660.52,18660.52,0.0,74,none,0.1854,0,stuck_payment
26998.12,26998.12,0.0,74,none,0.2448,0,stuck_payment
70517.77,60330.26,14.4467,19,none,0.1363,0,wrong_amount
75083.16,75083.16,0.0,67,BD,0.2236,1,duplicate_charge
47297.91,47297.91,0.0,86,BD,0.1621,0,no_mismatch
31318.72,28090.24,10.3085,61,none,0.2275,0,wrong_amount
33218.25,33218.25,0.0,103,TD,0.0502,0,wrong_amount
59803.89,59803.89,0.0,101,none,0.0247,0,stuck_payment
16991.02,11942.82,29.711,37,none,0.0404,1,duplicate_charge
78397.91,78397.91,0.0,79,TD,0.2159,1,duplicate_charge
11243.79,9247.26,17.7567,85,none,0.2039,0,wrong_amount
70107.41,70107.41,0.0,103,none,0.0179,0,stuck_payment
96737.83,96737.83,0.0,106,TD,0.129,0,no_mismatch
77059.74,77059.74,0.0,57,none,0.0501,0,stuck_payment
84199.12,77519.82,7.9327,7,TD,0.1057,0,no_mismatch
74640.44,74640.44,0.0,69,TD,0.174,0,no_mismatch
26336.25,26336.25,0.0,56,BD,0.2325,0,no_mismatch
67881.49,67881.49,0.0,88,none,0.0334,0,stuck_payment
35447.43,35447.43,0.0,79,none,0.216,0,stuck_payment
26782.07,32039.82,19.6316,60,none,0.1898,0,wrong_amount
58913.56,52949.55,10.1233,41,none,0.1715,0,wrong_amount
1294.94,1336.2,3.1862,45,TD,0.078,0,no_mismatch
2467.68,1772.84,28.1576,77,none,0.1799,0,stuck_payment
85658.44,68790.37,19.6922,115,BD,0.0542,0,no_mismatch
66081.74,75071.59,13.6041,99,none,0.2268,0,wrong_amount
32408.07,31687.71,2.2228,49,none,0.249,0,wrong_amount
81298.81,79605.28,2.0831,79,none,0.1649,0,wrong_amount
54109.15,54109.15,0.0,79,none,0.229,0,stuck_payment
10418.38,12204.55,17.1444,100,none,0.2252,0,wrong_amount
64069.49,64069.49,0.0,86,none,0.0464,0,stuck_payment
39193.9,47514.34,21.2289,62,none,0.2126,0,wrong_amount
78559.63,78559.63,0.0,1,none,0.1754,0,no_mismatch
12208.24,12208.24,0.0,46,none,0.0827,1,duplicate_charge
99701.88,99701.88,0.0,47,none,0.2406,1,duplicate_charge
46017.97,46017.97,0.0,83,TD,0.1431,0,no_mismatch
66107.34,66107.34,0.0,50,none,0.1613,0,stuck_payment
8577.76,8577.76,0.0,95,TD,0.0186,1,duplicate_charge
99638.72,99638.72,0.0,50,BD,0.1397,0,no_mismatch
53440.61,53440.61,0.0,58,none,0.0139,0,stuck_payment
33838.09,33838.09,0.0,52,BD,0.2037,0,no_mismatch
45891.2,45891.2,0.0,112,none,0.1879,0,stuck_payment
7296.14,7296.14,0.0,63,none,0.1231,0,stuck_payment
4675.59,4675.59,0.0,17,BD,0.1618,0,no_mismatch
82091.85,67038.46,18.3373,105,none,0.0374,0,wrong_amount
61601.29,65346.97,6.0805,104,none,0.1871,0,duplicate_charge
12168.16,12168.16,0.0,70,BD,0.2107,0,no_mismatch
76446.37,76446.37,0.0,43,BD,0.0757,0,stuck_payment
16888.28,16888.28,0.0,22,none,0.2322,1,duplicate_charge
10086.79,10086.79,0.0,79,none,0.0479,0,stuck_payment
8164.19,10432.61,27.785,54,none,0.2001,0,wrong_amount
12776.55,13815.82,8.1342,53,TD,0.0519,0,no_mismatch
59667.57,59667.57,0.0,79,none,0.1605,0,stuck_payment
34850.57,32386.16,7.0714,68,none,0.1585,0,duplicate_charge
98679.53,98679.53,0.0,60,none,0.1682,0,wrong_amount
19452.53,19452.53,0.0,88,none,0.2288,0,stuck_payment
16059.98,16059.98,0.0,7,none,0.0784,0,no_mismatch
33496.03,33496.03,0.0,98,none,0.0351,1,duplicate_charge
53782.33,53312.4,0.8738,10,none,0.1831,0,wrong_amount
32664.63,39297.69,20.3066,30,none,0.0883,1,duplicate_charge
73801.01,73801.01,0.0,49,none,0.0276,0,stuck_payment
5528.5,5528.5,0.0,28,none,0.1192,0,wrong_amount
13726.82,13726.82,0.0,81,none,0.0747,0,stuck_payment
3306.25,3306.25,0.0,36,BD,0.2144,0,no_mismatch
17203.01,17203.01,0.0,114,TD,0.0476,0,no_mismatch
95280.74,95280.74,0.0,74,none,0.2152,1,duplicate_charge
85711.68,85711.68,0.0,28,none,0.2109,0,no_mismatch
73028.77,73028.77,0.0,32,TD,0.1142,0,no_mismatch
92755.22,92755.22,0.0,117,none,0.0112,0,stuck_payment
4101.86,4101.86,0.0,99,none,0.1122,0,stuck_payment
80990.68,80990.68,0.0,13,none,0.0677,0,duplicate_charge
1341.06,1341.06,0.0,28,BD,0.081,0,no_mismatch
9163.88,9163.88,0.0,40,TD,0.1202,0,no_mismatch
58407.65,58407.65,0.0,60,none,0.2198,0,stuck_payment
79006.89,79006.89,0.0,60,none,0.0103,0,stuck_payment
38549.44,38549.44,0.0,68,BD,0.1122,0,no_mismatch
94614.94,94614.94,0.0,102,TD,0.1743,0,no_mismatch
33635.9,33635.9,0.0,66,none,0.1719,0,stuck_payment
11185.56,11185.56,0.0,80,BD,0.0979,0,no_mismatch
70516.88,70516.88,0.0,100,TD,0.2455,0,no_mismatch
11444.41,11444.41,0.0,97,none,0.2402,0,no_mismatch
74527.17,74527.17,0.0,46,none,0.1309,0,stuck_payment
5540.55,5540.55,0.0,58,none,0.1364,0,stuck_payment
71011.55,71011.55,0.0,69,none,0.1185,0,stuck_payment
67363.32,67363.32,0.0,114,BD,0.2241,0,no_mismatch
8109.02,8109.02,0.0,37,none,0.0285,0,no_mismatch
11291.26,10780.62,4.5224,67,none,0.0154,0,wrong_amount
68272.1,68272.1,0.0,61,none,0.1165,0,stuck_payment
29222.53,21579.6,26.1542,107,none,0.1647,0,wrong_amount
34344.97,34344.97,0.0,42,none,0.1698,0,stuck_payment
54892.02,54892.02,0.0,73,BD,0.1994,0,no_mismatch
26074.75,26074.75,0.0,37,none,0.0214,0,no_mismatch
45647.06,58302.3,27.7241,24,none,0.2114,0,wrong_amount
66668.96,61909.93,7.1383,41,none,0.1158,0,wrong_amount
20595.02,20595.02,0.0,86,none,0.0925,0,no_mismatch
54032.67,49143.75,9.0481,52,none,0.1944,0,duplicate_charge
92788.35,119793.97,29.1045,83,none,0.1237,0,wrong_amount
94406.55,94406.55,0.0,74,none,0.2019,0,stuck_payment
92236.98,92236.98,0.0,15,none,0.226,0,no_mismatch
55140.9,55140.9,0.0,52,none,0.0629,0,duplicate_charge
32704.01,32704.01,0.0,25,none,0.0633,0,no_mismatch
27864.92,32366.23,16.154,87,none,0.031,0,wrong_amount
19525.56,19525.56,0.0,78,none,0.0235,0,stuck_payment
39816.04,39816.04,0.0,55,none,0.0995,0,stuck_payment
35200.37,35200.37,0.0,112,none,0.0618,0,stuck_payment
74178.61,74178.61,0.0,57,TD,0.2034,0,no_mismatch
42440.84,42440.84,0.0,18,none,0.1535,0,no_mismatch
30392.79,30392.79,0.0,68,none,0.0259,0,stuck_payment
75635.79,84927.34,12.2846,54,TD,0.1209,0,wrong_amount
91495.72,114341.01,24.9687,71,none,0.2075,0,stuck_payment
58562.3,58562.3,0.0,95,none,0.0164,1,duplicate_charge
26341.43,26341.43,0.0,107,none,0.0398,0,stuck_payment
28840.13,20994.43,27.2041,4,BD,0.0765,0,no_mismatch
6765.81,6765.81,0.0,75,none,0.1147,0,stuck_payment
68622.69,68622.69,0.0,105,BD,0.133,0,no_mismatch
84543.48,86028.42,1.7564,60,none,0.0425,0,wrong_amount
27339.77,27339.77,0.0,117,none,0.0217,0,duplicate_charge
63930.76,60212.73,5.8157,98,BD,0.1906,0,wrong_amount
87257.07,87257.07,0.0,88,none,0.0752,0,stuck_payment
36316.02,36316.02,0.0,46,none,0.0131,0,stuck_payment
37364.12,37364.12,0.0,44,none,0.0491,0,stuck_payment
50387.95,50387.95,0.0,102,none,0.1572,0,stuck_payment
52612.72,52612.72,0.0,71,none,0.2026,0,stuck_payment
91611.51,88003.93,3.9379,62,none,0.1759,0,wrong_amount
44249.6,44249.6,0.0,67,none,0.0921,0,stuck_payment
2973.08,2973.08,0.0,29,BD,0.1766,0,no_mismatch
30812.09,30812.09,0.0,11,none,0.1931,0,no_mismatch
1978.76,1978.76,0.0,56,BD,0.0359,0,no_mismatch
51396.57,53231.11,3.5694,6,BD,0.1702,0,duplicate_charge
78258.84,78258.84,0.0,27,none,0.058,0,no_mismatch
3022.99,3699.97,22.3944,75,none,0.0485,0,wrong_amount
72882.55,72882.55,0.0,73,BD,0.2067,0,no_mismatch
52930.99,52930.99,0.0,37,TD,0.191,1,duplicate_charge
72562.4,72562.4,0.0,118,none,0.1799,0,stuck_payment
58979.12,58979.12,0.0,14,TD,0.0952,0,no_mismatch
21505.97,21505.97,0.0,15,none,0.0854,0,no_mismatch
52020.79,52020.79,0.0,47,none,0.1437,1,duplicate_charge
32878.73,35676.88,8.5105,88,none,0.1165,0,wrong_amount
29129.87,29129.87,0.0,25,none,0.2247,0,no_mismatch
93914.29,93914.29,0.0,2,none,0.128,0,no_mismatch
43862.03,43862.03,0.0,11,BD,0.1048,0,no_mismatch
97759.33,97759.33,0.0,115,none,0.0255,0,stuck_payment
33929.3,33929.3,0.0,52,BD,0.2111,0,no_mismatch
27923.98,27923.98,0.0,75,none,0.1915,0,stuck_payment
94328.18,94328.18,0.0,86,none,0.1071,0,no_mismatch
27961.17,27961.17,0.0,14,BD,0.1274,0,no_mismatch
94246.06,73385.42,22.1342,64,none,0.2433,0,wrong_amount
67952.52,55272.88,18.6596,98,BD,0.1904,0,no_mismatch
79293.87,79293.87,0.0,85,none,0.1312,0,stuck_payment
80967.21,80967.21,0.0,3,none,0.0176,0,stuck_payment
91502.42,91502.42,0.0,41,none,0.1162,1,duplicate_charge
17769.23,17769.23,0.0,100,none,0.1795,0,stuck_payment
13535.38,13535.38,0.0,63,none,0.1465,0,stuck_payment
55423.01,55423.01,0.0,61,none,0.215,0,stuck_payment
39199.34,39199.34,0.0,49,none,0.0947,0,stuck_payment
32116.23,32551.9,1.3565,45,none,0.1502,0,no_mismatch
62552.78,62552.78,0.0,55,none,0.0958,0,stuck_payment
66157.88,66157.88,0.0,83,none,0.0304,0,stuck_payment
86907.1,91334.44,5.0943,5,none,0.2172,0,wrong_amount
90150.84,90150.84,0.0,90,none,0.0153,0,stuck_payment
57078.32,57078.32,0.0,13,none,0.034,0,no_mismatch
33663.15,33663.15,0.0,98,none,0.05,0,stuck_payment
96945.83,96945.83,0.0,82,none,0.1989,0,stuck_payment
53629.82,53629.82,0.0,7,TD,0.1476,0,no_mismatch
62494.77,62494.77,0.0,92,none,0.0327,0,stuck_payment
6820.25,6820.25,0.0,61,none,0.0934,1,stuck_payment
82391.52,82391.52,0.0,39,none,0.1396,0,no_mismatch
40289.87,40289.87,0.0,59,none,0.1414,0,stuck_payment
62821.61,62821.61,0.0,24,none,0.0611,0,no_mismatch
74246.58,74246.58,0.0,120,none,0.2041,0,stuck_payment
90692.9,90692.9,0.0,94,none,0.1353,0,stuck_payment
14859.59,17914.92,20.5613,109,none,0.0865,0,wrong_amount
6536.31,6536.31,0.0,53,TD,0.0789,0,no_mismatch
68716.8,68716.8,0.0,31,BD,0.0561,0,no_mismatch
82740.16,82740.16,0.0,72,none,0.1113,0,stuck_payment
20278.85,20278.85,0.0,4,TD,0.2028,0,no_mismatch
17680.92,17680.92,0.0,93,none,0.0148,0,wrong_amount
8484.56,8484.56,0.0,111,BD,0.2392,0,no_mismatch
67200.04,67200.04,0.0,51,none,0.1838,0,wrong_amount
11282.04,11282.04,0.0,120,BD,0.1694,0,no_mismatch
77534.07,77534.07,0.0,64,none,0.0671,0,no_mismatch
80688.06,80688.06,0.0,75,none,0.2034,0,stuck_payment
93556.46,93556.46,0.0,14,TD,0.2428,0,no_mismatch
25505.16,25505.16,0.0,63,none,0.1779,0,wrong_amount
54619.93,54619.93,0.0,32,none,0.2211,0,duplicate_charge
36363.5,36363.5,0.0,106,none,0.1649,0,stuck_payment
3577.46,3577.46,0.0,103,none,0.1758,0,stuck_payment
24043.62,24043.62,0.0,40,none,0.1781,0,duplicate_charge
68556.31,68556.31,0.0,31,none,0.1032,0,no_mismatch
39358.26,39358.26,0.0,33,none,0.2347,0,no_mismatch
29812.55,29812.55,0.0,21,none,0.1615,0,no_mismatch
76697.42,76697.42,0.0,5,TD,0.0292,0,no_mismatch
49220.02,49220.02,0.0,119,none,0.1822,0,stuck_payment
82042.11,82042.11,0.0,90,TD,0.0259,0,no_mismatch
72950.24,72950.24,0.0,42,none,0.0166,1,duplicate_charge
64195.09,64195.09,0.0,102,none,0.0107,0,stuck_payment
30624.2,30624.2,0.0,15,TD,0.1339,0,no_mismatch
83079.08,83079.08,0.0,109,none,0.1085,0,stuck_payment
45203.84,45203.84,0.0,18,TD,0.175,0,no_mismatch
79972.91,70027.78,12.4356,51,none,0.2367,0,wrong_amount
22526.26,22526.26,0.0,119,none,0.1569,0,stuck_payment
8988.76,8988.76,0.0,34,none,0.0505,0,no_mismatch
42947.45,42947.45,0.0,12,none,0.0508,0,no_mismatch
1510.08,1510.08,0.0,99,none,0.1189,0,stuck_payment
11939.38,11939.38,0.0,25,none,0.2052,0,no_mismatch
74669.66,74669.66,0.0,56,none,0.154,0,stuck_payment
28368.43,28368.43,0.0,54,TD,0.2002,1,duplicate_charge
97615.2,97615.2,0.0,58,none,0.0987,0,stuck_payment
45870.59,47704.51,3.998,89,none,0.0609,0,duplicate_charge
42386.77,42386.77,0.0,10,BD,0.0241,0,wrong_amount
23560.66,23560.66,0.0,78,none,0.2421,0,stuck_payment
74849.36,80545.92,7.6107,39,none,0.1711,0,wrong_amount
89233.37,84430.75,5.3821,65,none,0.0914,0,wrong_amount
9055.83,9055.83,0.0,56,BD,0.038,1,duplicate_charge
12874.36,12874.36,0.0,107,TD,0.0965,0,no_mismatch
90288.99,90288.99,0.0,107,none,0.0733,0,stuck_payment
89277.91,89277.91,0.0,63,none,0.0463,0,no_mismatch
65776.21,65776.21,0.0,7,TD,0.0231,0,no_mismatch
47077.73,40479.73,14.0151,115,none,0.0198,0,wrong_amount
70932.01,70932.01,0.0,64,BD,0.1827,0,no_mismatch
35025.47,35025.47,0.0,37,TD,0.0504,0,no_mismatch
27351.88,27351.88,0.0,75,TD,0.2495,1,duplicate_charge
76708.08,55527.06,27.6125,99,none,0.0326,0,wrong_amount
28499.7,28499.7,0.0,16,none,0.1517,0,no_mismatch
83714.02,85750.78,2.433,59,none,0.0746,0,wrong_amount
33009.75,39173.36,18.6721,42,none,0.25,0,wrong_amount
79723.64,100370.9,25.8985,42,none,0.1885,0,wrong_amount
60268.92,55654.64,7.6562,99,none,0.0314,0,wrong_amount
16377.77,16377.77,0.0,37,none,0.2391,0,stuck_payment
29924.81,29924.81,0.0,95,none,0.0844,0,stuck_payment
13215.54,13215.54,0.0,107,none,0.058,0,stuck_payment
38870.14,38870.14,0.0,77,none,0.1916,0,stuck_payment
61425.39,61425.39,0.0,55,BD,0.1332,0,no_mismatch
67676.36,67676.36,0.0,92,TD,0.1289,0,no_mismatch
52515.31,52515.31,0.0,56,BD,0.2024,0,no_mismatch
98420.2,98420.2,0.0,39,none,0.1355,0,no_mismatch
4868.05,4801.24,1.3724,66,none,0.0327,0,wrong_amount
56890.97,56890.97,0.0,33,none,0.1945,1,duplicate_charge
74077.57,74077.57,0.0,101,TD,0.1043,1,duplicate_charge
87687.86,87687.86,0.0,76,none,0.1918,0,stuck_payment
80802.62,80802.62,0.0,118,none,0.0549,0,stuck_payment
74728.23,74728.23,0.0,112,none,0.1141,1,duplicate_charge
39553.89,47336.08,19.6749,89,none,0.1679,0,wrong_amount
72618.55,72618.55,0.0,105,none,0.0966,0,no_mismatch
69060.31,69060.31,0.0,39,BD,0.0424,0,no_mismatch
81615.23,81615.23,0.0,25,none,0.0602,0,no_mismatch
65009.01,65009.01,0.0,81,none,0.1393,1,duplicate_charge
76995.14,67249.77,12.6571,22,none,0.1873,0,wrong_amount
48556.18,42007.59,13.4866,26,TD,0.2091,0,no_mismatch
33451.62,41958.15,25.4294,54,none,0.1869,0,wrong_amount
55475.02,55475.02,0.0,63,none,0.1332,0,stuck_payment
93534.57,93534.57,0.0,112,none,0.1814,0,stuck_payment
42258.25,42258.25,0.0,9,TD,0.1656,0,no_mismatch
11782.38,11782.38,0.0,83,none,0.1774,1,duplicate_charge
28872.28,25893.33,10.3177,65,TD,0.2282,0,no_mismatch
60249.8,60249.8,0.0,85,none,0.222,0,duplicate_charge
39098.09,39098.09,0.0,87,none,0.0965,0,stuck_payment
97097.07,91060.47,6.2171,86,none,0.0516,0,wrong_amount
49269.35,49269.35,0.0,64,none,0.0603,1,duplicate_charge
1911.25,1911.25,0.0,46,none,0.0519,0,duplicate_charge
50397.54,50397.54,0.0,44,none,0.1582,0,stuck_payment
22487.15,22487.15,0.0,44,none,0.1946,0,stuck_payment
55746.53,55746.53,0.0,110,none,0.1337,0,stuck_payment
70669.85,70669.85,0.0,57,none,0.241,0,stuck_payment
97468.51,97468.51,0.0,79,none,0.2374,0,stuck_payment
4292.75,3481.15,18.9063,117,none,0.1848,0,duplicate_charge
76220.27,76220.27,0.0,112,BD,0.1653,0,no_mismatch
13863.47,13863.47,0.0,57,none,0.1946,1,duplicate_charge
83497.86,83497.86,0.0,37,none,0.0305,0,no_mismatch
75509.04,75509.04,0.0,86,TD,0.1908,0,no_mismatch
78742.85,88873.44,12.8654,115,none,0.2146,0,wrong_amount
36241.26,34657.56,4.3699,92,none,0.2365,1,duplicate_charge
31548.98,31548.98,0.0,22,none,0.1044,1,duplicate_charge
92259.63,108162.59,17.2372,54,none,0.1734,0,wrong_amount
30501.87,30501.87,0.0,117,none,0.2085,0,stuck_payment
61079.07,53676.83,12.1191,114,none,0.1992,0,wrong_amount
69777.35,69777.35,0.0,101,none,0.1961,0,stuck_payment
8519.66,8519.66,0.0,50,none,0.1876,0,duplicate_charge
99193.2,99193.2,0.0,12,none,0.0849,0,no_mismatch
63604.98,80593.71,26.7097,31,none,0.0829,0,wrong_amount
50576.93,50576.93,0.0,108,none,0.1605,0,stuck_payment
4868.51,4868.51,0.0,16,none,0.1474,1,duplicate_charge
33964.13,33964.13,0.0,96,none,0.1457,0,duplicate_charge
62811.66,62811.66,0.0,77,TD,0.0818,0,no_mismatch
81526.42,81526.42,0.0,18,none,0.1347,0,no_mismatch
32851.91,32851.91,0.0,106,none,0.119,0,stuck_payment
42626.64,42626.64,0.0,12,BD,0.2232,0,no_mismatch
44671.79,44671.79,0.0,68,none,0.1442,0,stuck_payment
87214.28,87214.28,0.0,82,none,0.1156,0,stuck_payment
49005.15,49005.15,0.0,106,TD,0.1314,0,no_mismatch
45825.51,45825.51,0.0,66,none,0.0383,0,stuck_payment
47388.22,47388.22,0.0,72,none,0.2384,0,stuck_payment
40921.12,33901.52,17.154,67,TD,0.0992,0,no_mismatch
30395.68,30395.68,0.0,102,BD,0.1981,0,no_mismatch
93688.38,93688.38,0.0,37,TD,0.2066,0,no_mismatch
12320.56,12320.56,0.0,112,BD,0.1255,0,no_mismatch
45292.21,45292.21,0.0,49,none,0.1828,0,stuck_payment
76218.93,76218.93,0.0,59,none,0.1701,0,stuck_payment
72813.63,86461.55,18.7436,50,TD,0.1049,0,no_mismatch
95812.14,95812.14,0.0,95,TD,0.0312,0,no_mismatch
2577.93,2577.93,0.0,99,none,0.1447,0,stuck_payment
55979.35,45588.57,18.5618,73,none,0.1901,0,wrong_amount
1964.54,1964.54,0.0,69,TD,0.0146,0,no_mismatch
24604.14,24604.14,0.0,114,none,0.0303,0,stuck_payment
32111.07,32111.07,0.0,63,none,0.0156,0,stuck_payment
41552.15,41552.15,0.0,41,none,0.0318,0,stuck_payment
54223.75,54223.75,0.0,24,TD,0.0315,0,no_mismatch
40786.92,48306.07,18.4352,24,BD,0.024,0,no_mismatch
32072.14,32072.14,0.0,42,TD,0.236,0,wrong_amount
5282.62,5282.62,0.0,77,none,0.1283,0,stuck_payment
38566.36,39268.81,1.8214,71,none,0.1262,0,wrong_amount
23450.67,23450.67,0.0,35,none,0.1507,0,wrong_amount
76321.53,76321.53,0.0,17,none,0.1076,1,duplicate_charge
63616.32,63616.32,0.0,19,none,0.2465,0,stuck_payment
53799.81,53799.81,0.0,117,none,0.02,0,no_mismatch
96115.33,96115.33,0.0,84,none,0.0101,0,stuck_payment
48270.41,48270.41,0.0,108,none,0.2498,0,stuck_payment
21354.14,21354.14,0.0,37,BD,0.1874,0,wrong_amount
30133.77,30133.77,0.0,16,none,0.184,0,no_mismatch
87840.1,87840.1,0.0,65,none,0.0864,0,stuck_payment
34329.26,34329.26,0.0,97,none,0.0755,0,stuck_payment
32231.66,32231.66,0.0,77,none,0.2294,0,stuck_payment
92233.55,92233.55,0.0,1,none,0.1714,0,duplicate_charge
89537.29,89537.29,0.0,98,none,0.0295,0,stuck_payment
65161.52,65161.52,0.0,115,none,0.1712,0,stuck_payment
35364.17,35364.17,0.0,106,none,0.1028,0,stuck_payment
81205.78,81205.78,0.0,16,none,0.2347,0,stuck_payment
22229.92,24105.52,8.4373,25,BD,0.1572,0,no_mismatch
71809.17,71809.17,0.0,64,none,0.0188,0,no_mismatch
70434.37,70434.37,0.0,1,TD,0.2071,0,duplicate_charge
87004.63,87004.63,0.0,64,TD,0.0565,0,no_mismatch
67250.34,67250.34,0.0,23,BD,0.0408,1,duplicate_charge
26036.49,26036.49,0.0,30,none,0.1849,0,stuck_payment
84781.95,109448.71,29.0944,88,none,0.1189,0,wrong_amount
64132.53,64132.53,0.0,7,none,0.0875,0,no_mismatch
40746.9,47083.06,15.55,47,none,0.0204,0,stuck_payment
4791.77,4791.77,0.0,69,none,0.0112,0,stuck_payment
8272.71,8272.71,0.0,4,none,0.0642,0,no_mismatch
95781.79,95781.79,0.0,26,TD,0.0846,0,wrong_amount
9762.94,9762.94,0.0,104,BD,0.2013,0,wrong_amount
84066.71,84066.71,0.0,61,TD,0.0918,1,duplicate_charge
33425.49,33425.49,0.0,10,none,0.1587,0,no_mismatch
62572.34,62572.34,0.0,11,none,0.23,0,no_mismatch
89019.37,89019.37,0.0,101,BD,0.2306,0,wrong_amount
30216.96,30216.96,0.0,9,BD,0.0234,1,duplicate_charge
85007.94,85007.94,0.0,80,none,0.0659,0,wrong_amount
66006.43,73609.4,11.5185,113,none,0.0343,0,wrong_amount
67610.03,57118.91,15.5171,14,BD,0.1528,1,duplicate_charge
78962.7,92541.84,17.1969,46,none,0.1839,0,wrong_amount
24390.93,24390.93,0.0,8,BD,0.1503,0,no_mismatch
65205.33,65205.33,0.0,75,none,0.1961,0,stuck_payment
30936.57,30936.57,0.0,48,none,0.1342,0,stuck_payment
14545.58,14545.58,0.0,105,none,0.2161,0,stuck_payment
19621.17,19621.17,0.0,117,TD,0.0264,0,no_mismatch
47624.93,47624.93,0.0,60,none,0.0895,0,stuck_payment
96310.18,96310.18,0.0,54,none,0.0352,0,stuck_payment
91063.25,91063.25,0.0,118,BD,0.0635,0,no_mismatch
62429.61,62429.61,0.0,95,none,0.2055,0,stuck_payment
37653.59,37653.59,0.0,106,none,0.0971,1,duplicate_charge
3098.76,2827.92,8.7403,81,none,0.1937,1,duplicate_charge
3065.59,3226.57,5.2512,93,TD,0.2134,0,no_mismatch
19679.16,18132.89,7.8574,3,none,0.0429,0,wrong_amount
88512.65,88512.65,0.0,27,none,0.0676,0,no_mismatch
66124.78,66124.78,0.0,103,none,0.2216,0,stuck_payment
6631.21,4792.65,27.7259,25,none,0.1766,0,duplicate_charge
43011.06,43011.06,0.0,118,BD,0.1578,0,no_mismatch
53593.29,53593.29,0.0,42,TD,0.1611,0,no_mismatch
12733.21,12733.21,0.0,75,none,0.0602,1,duplicate_charge
47119.66,47119.66,0.0,9,TD,0.1031,0,no_mismatch
75138.51,75138.51,0.0,67,none,0.0872,0,stuck_payment
69481.52,69481.52,0.0,64,none,0.1495,0,wrong_amount
79083.39,79083.39,0.0,27,TD,0.0587,0,no_mismatch
39650.41,39650.41,0.0,114,none,0.0477,0,stuck_payment
25527.47,31283.83,22.5497,57,none,0.0652,1,duplicate_charge
51274.98,51274.98,0.0,58,none,0.1081,0,stuck_payment
31770.34,31770.34,0.0,23,none,0.0737,1,duplicate_charge
90157.44,90157.44,0.0,65,none,0.1645,0,stuck_payment
92667.93,90683.48,2.1415,70,TD,0.0572,0,no_mismatch
30341.29,30341.29,0.0,88,none,0.0558,0,stuck_payment
13872.73,13872.73,0.0,92,none,0.229,1,duplicate_charge
30017.47,30017.47,0.0,101,none,0.237,0,stuck_payment
75804.83,60929.51,19.6232,111,none,0.0645,0,wrong_amount
47496.38,47496.38,0.0,101,none,0.1225,0,stuck_payment
34131.89,42792.69,25.3745,99,none,0.1102,0,wrong_amount
85309.12,81752.14,4.1695,40,none,0.0123,0,wrong_amount
83446.46,83446.46,0.0,54,none,0.1906,0,stuck_payment
69082.81,69082.81,0.0,76,BD,0.1985,0,no_mismatch
15453.75,15453.75,0.0,43,none,0.2018,0,stuck_payment
57430.49,57430.49,0.0,49,TD,0.1038,0,no_mismatch
18915.03,22147.18,17.0877,82,none,0.0324,0,wrong_amount
55335.39,66773.93,20.6713,4,TD,0.0267,0,no_mismatch
28453.38,28453.38,0.0,85,none,0.1191,0,stuck_payment
1203.6,1203.6,0.0,117,none,0.0477,0,stuck_payment
53691.66,53691.66,0.0,9,none,0.2269,0,no_mismatch
87057.86,87057.86,0.0,105,none,0.1239,0,duplicate_charge
93921.51,93921.51,0.0,65,none,0.1201,0,stuck_payment
99109.4,99109.4,0.0,106,none,0.2038,0,stuck_payment
91039.22,91039.22,0.0,59,none,0.0194,1,wrong_amount
64665.28,64665.28,0.0,45,none,0.1808,0,stuck_payment
61341.45,61341.45,0.0,23,none,0.0531,0,no_mismatch
43264.45,43264.45,0.0,85,TD,0.1465,0,duplicate_charge
94574.17,94574.17,0.0,112,TD,0.2218,0,no_mismatch
66699.03,52160.95,21.7965,117,none,0.2482,0,wrong_amount
99532.11,102674.97,3.1576,53,none,0.0707,0,wrong_amount
46270.53,55911.1,20.8352,49,none,0.1058,0,wrong_amount
3873.69,3873.69,0.0,91,none,0.0885,0,stuck_payment
48527.45,40542.85,16.4538,92,none,0.0437,0,wrong_amount
84172.1,83714.92,0.5431,23,TD,0.1383,0,no_mismatch
7850.77,7850.77,0.0,87,TD,0.1158,0,no_mismatch
71469.79,71469.79,0.0,69,TD,0.1772,0,no_mismatch
81170.03,81170.03,0.0,92,none,0.0347,0,stuck_payment
44454.27,44454.27,0.0,7,none,0.1941,0,no_mismatch
37527.01,37527.01,0.0,12,BD,0.0167,1,duplicate_charge
82070.6,82070.6,0.0,9,TD,0.2217,0,no_mismatch
83062.02,87225.44,5.0124,66,BD,0.0885,0,no_mismatch
19035.8,19035.8,0.0,70,none,0.1127,0,stuck_payment
10677.94,10677.94,0.0,2,none,0.0859,0,no_mismatch
45931.72,57163.38,24.4529,6,BD,0.0625,0,no_mismatch
59927.02,59927.02,0.0,14,none,0.1999,0,no_mismatch
56963.59,56963.59,0.0,13,none,0.2455,0,no_mismatch
67822.26,67822.26,0.0,89,BD,0.0521,0,no_mismatch
68793.75,68793.75,0.0,86,none,0.0904,0,stuck_payment
58545.19,58545.19,0.0,82,none,0.1308,0,stuck_payment
1427.84,1102.51,22.7848,40,TD,0.1128,0,no_mismatch
8031.03,6828.94,14.9681,20,none,0.1641,0,wrong_amount
72558.31,72558.31,0.0,57,none,0.0889,0,stuck_payment
64395.85,64395.85,0.0,67,none,0.1096,0,stuck_payment
75080.04,75080.04,0.0,94,none,0.0681,0,stuck_payment
90672.54,90672.54,0.0,32,none,0.1771,0,no_mismatch
87283.31,87283.31,0.0,24,none,0.0115,0,no_mismatch
7091.49,5741.54,19.0362,27,BD,0.0517,0,no_mismatch
79543.79,79543.79,0.0,65,BD,0.184,0,no_mismatch
72195.21,72195.21,0.0,23,none,0.0827,0,no_mismatch
96775.81,96775.81,0.0,111,none,0.0292,0,stuck_payment
39884.62,45166.41,13.2427,98,TD,0.2389,0,no_mismatch
76216.74,76216.74,0.0,11,none,0.2312,0,no_mismatch
15364.59,15364.59,0.0,33,none,0.0834,0,no_mismatch
56258.0,56258.0,0.0,43,BD,0.1226,0,stuck_payment
19043.62,21904.66,15.0236,63,none,0.1098,0,wrong_amount
74245.18,74245.18,0.0,40,none,0.1512,0,duplicate_charge
3978.81,3978.81,0.0,50,none,0.049,0,stuck_payment
95713.98,95713.98,0.0,97,none,0.1323,0,no_mismatch
68880.09,68880.09,0.0,84,none,0.1118,0,wrong_amount
47824.78,47824.78,0.0,47,none,0.1723,0,stuck_payment
64568.82,64568.82,0.0,59,none,0.0454,0,stuck_payment
57876.35,57876.35,0.0,21,BD,0.195,0,no_mismatch
91696.6,91696.6,0.0,76,none,0.0293,0,stuck_payment
87613.02,98833.44,12.8068,65,none,0.168,0,wrong_amount
30867.09,30867.09,0.0,113,none,0.2187,0,stuck_payment
57303.91,57303.91,0.0,105,BD,0.1897,0,no_mismatch
39857.22,39857.22,0.0,22,none,0.0104,1,duplicate_charge
69662.04,69662.04,0.0,84,TD,0.1134,0,no_mismatch
18721.36,15988.63,14.5969,58,none,0.061,0,wrong_amount
75016.58,75016.58,0.0,25,TD,0.2265,0,no_mismatch
62721.05,62721.05,0.0,112,none,0.0292,1,duplicate_charge
12555.69,12442.97,0.8978,62,none,0.1925,1,duplicate_charge
26681.47,26681.47,0.0,86,none,0.247,1,duplicate_charge
52281.22,61739.05,18.0903,120,none,0.1917,0,wrong_amount
33721.37,33721.37,0.0,44,none,0.206,0,stuck_payment
66541.32,66541.32,0.0,8,none,0.2195,0,stuck_payment
408.16,408.16,0.0,52,none,0.2231,0,stuck_payment
60230.73,60230.73,0.0,36,none,0.1903,0,no_mismatch
45246.62,45246.62,0.0,112,none,0.1092,0,stuck_payment
98619.52,98619.52,0.0,105,none,0.1621,0,stuck_payment
96962.8,96962.8,0.0,87,none,0.1556,0,stuck_payment
61297.98,69167.67,12.8384,85,none,0.2272,0,wrong_amount
29456.91,28190.93,4.2977,17,none,0.0309,0,wrong_amount
99630.84,99630.84,0.0,60,TD,0.1171,0,no_mismatch
66297.95,66297.95,0.0,28,TD,0.2366,0,no_mismatch
10636.42,10636.42,0.0,4,TD,0.233,0,no_mismatch
76654.25,76654.25,0.0,33,none,0.2384,0,no_mismatch
66581.09,66581.09,0.0,82,none,0.0317,0,stuck_payment
87206.87,87206.87,0.0,99,none,0.0255,0,stuck_payment
91025.7,91025.7,0.0,93,none,0.1641,0,stuck_payment
85628.49,85628.49,0.0,29,TD,0.0798,0,no_mismatch
34089.76,34089.76,0.0,25,none,0.0379,0,duplicate_charge
85347.7,85347.7,0.0,74,none,0.0846,0,stuck_payment
19066.78,19066.78,0.0,55,none,0.0976,0,stuck_payment
79676.87,79676.87,0.0,78,none,0.0356,1,duplicate_charge
85250.97,85250.97,0.0,105,none,0.2109,0,stuck_payment
45632.87,45632.87,0.0,19,none,0.2138,0,no_mismatch
3530.95,3530.95,0.0,65,none,0.0396,0,duplicate_charge
70681.57,70681.57,0.0,107,TD,0.08,0,no_mismatch
5975.38,5975.38,0.0,20,none,0.0605,0,no_mismatch
81060.82,81060.82,0.0,7,none,0.1962,0,no_mismatch
72766.81,72766.81,0.0,105,none,0.2136,0,stuck_payment
54839.5,54839.5,0.0,87,none,0.0936,0,stuck_payment
7275.14,7275.14,0.0,37,none,0.0568,0,no_mismatch
39437.87,30537.29,22.5686,109,none,0.083,0,wrong_amount
57758.03,57758.03,0.0,62,TD,0.0448,0,no_mismatch
74863.41,74863.41,0.0,2,none,0.2155,0,no_mismatch
78571.38,78571.38,0.0,49,none,0.1125,0,stuck_payment
92605.94,65542.05,29.2248,7,BD,0.1337,0,no_mismatch
43438.76,34022.47,21.6772,5,BD,0.1052,0,no_mismatch
59655.93,46318.99,22.3564,100,none,0.2064,0,wrong_amount
63270.12,63270.12,0.0,2,BD,0.0298,0,no_mismatch
66912.34,66912.34,0.0,3,none,0.247,0,no_mismatch
69403.21,81747.93,17.787,62,none,0.1787,0,wrong_amount
12611.12,12611.12,0.0,92,none,0.2009,0,stuck_payment
81305.51,94869.18,16.6824,9,none,0.1503,0,wrong_amount
79027.76,61175.42,22.59,24,none,0.1769,1,duplicate_charge
44778.56,44778.56,0.0,6,BD,0.0595,0,no_mismatch
56293.37,56293.37,0.0,5,BD,0.0399,0,no_mismatch
96630.99,68305.44,29.3131,32,none,0.2371,0,wrong_amount
78301.9,78301.9,0.0,57,BD,0.1277,0,no_mismatch
91087.24,91087.24,0.0,78,none,0.0604,1,duplicate_charge
81994.35,81994.35,0.0,25,BD,0.2155,0,no_mismatch
13507.38,13507.38,0.0,76,none,0.0408,0,stuck_payment
7528.53,7528.53,0.0,49,none,0.0492,0,stuck_payment
94479.57,94479.57,0.0,89,BD,0.0589,0,no_mismatch
27013.03,27013.03,0.0,83,TD,0.0993,0,no_mismatch
82068.77,82068.77,0.0,54,none,0.0859,0,stuck_payment
37956.3,37956.3,0.0,32,BD,0.0399,0,no_mismatch
54882.04,65422.67,19.206,117,none,0.0756,0,wrong_amount
22653.97,20090.12,11.3174,49,none,0.1979,0,wrong_amount
52694.92,52694.92,0.0,76,none,0.1275,0,stuck_payment
70075.51,70075.51,0.0,71,TD,0.0338,1,duplicate_charge
31867.84,31867.84,0.0,24,none,0.1879,0,no_mismatch
53215.05,53215.05,0.0,109,none,0.1522,0,stuck_payment
68697.17,68697.17,0.0,85,BD,0.1009,0,no_mismatch
5381.18,5381.18,0.0,48,none,0.0698,0,stuck_payment
70708.0,91628.66,29.5874,65,TD,0.2386,0,no_mismatch
71874.83,71874.83,0.0,30,none,0.2159,0,no_mismatch
40710.83,40710.83,0.0,12,none,0.0284,0,no_mismatch
9454.0,9454.0,0.0,11,none,0.143,0,no_mismatch
87447.86,87447.86,0.0,55,none,0.2338,0,stuck_payment
49830.74,49830.74,0.0,87,none,0.1775,0,stuck_payment
61667.03,61667.03,0.0,96,BD,0.112,0,no_mismatch
34571.56,34571.56,0.0,85,none,0.2076,0,stuck_payment
52858.33,52858.33,0.0,78,none,0.0504,0,stuck_payment
76394.67,76394.67,0.0,23,BD,0.2115,0,no_mismatch
95253.11,95253.11,0.0,49,TD,0.2427,0,no_mismatch
67938.41,67938.41,0.0,109,none,0.0383,0,stuck_payment
29425.15,29425.15,0.0,95,none,0.1045,0,stuck_payment
92917.99,92917.99,0.0,66,none,0.0185,0,stuck_payment
61813.09,61813.09,0.0,46,BD,0.1205,0,no_mismatch
10805.69,10805.69,0.0,93,TD,0.0951,0,no_mismatch
49255.41,41655.03,15.4305,53,BD,0.127,0,no_mismatch
65697.68,65697.68,0.0,51,none,0.0975,0,stuck_payment
53689.1,53689.1,0.0,57,none,0.1154,0,stuck_payment
74734.4,54924.22,26.5074,15,TD,0.0197,0,no_mismatch
74418.01,74418.01,0.0,21,none,0.2376,0,no_mismatch
98294.58,112716.91,14.6726,103,none,0.0406,0,wrong_amount
78055.72,78055.72,0.0,93,none,0.2123,0,stuck_payment
11062.31,10991.13,0.6434,45,none,0.1942,0,wrong_amount
67863.2,67863.2,0.0,77,none,0.1142,0,stuck_payment
48644.33,48644.33,0.0,32,none,0.185,0,no_mismatch
28185.77,25956.69,7.9085,86,none,0.0576,0,wrong_amount
81014.25,81014.25,0.0,65,none,0.0553,0,stuck_payment
62927.9,65202.89,3.6152,5,TD,0.0561,0,no_mismatch
1864.37,2347.95,25.938,53,none,0.178,0,wrong_amount
22255.35,22255.35,0.0,8,none,0.1645,0,no_mismatch
26997.68,26997.68,0.0,45,none,0.0693,0,stuck_payment
18256.99,21874.57,19.8148,28,TD,0.0772,0,stuck_payment
43147.66,43147.66,0.0,63,none,0.083,1,duplicate_charge
1464.79,1464.79,0.0,111,BD,0.0965,0,no_mismatch
74318.91,74318.91,0.0,78,none,0.1661,0,stuck_payment
38466.53,38466.53,0.0,17,none,0.1544,1,duplicate_charge
96836.19,96836.19,0.0,105,TD,0.1791,0,duplicate_charge
7580.47,7580.47,0.0,44,none,0.1238,0,stuck_payment
53402.4,55451.23,3.8366,71,none,0.224,0,wrong_amount
84624.19,84624.19,0.0,45,none,0.1176,0,stuck_payment
91093.83,79642.64,12.5708,22,none,0.1772,0,wrong_amount
4639.98,4639.98,0.0,102,none,0.0556,0,stuck_payment
49553.09,49553.09,0.0,66,none,0.0497,0,stuck_payment
38476.63,38476.63,0.0,52,none,0.0597,1,duplicate_charge
57232.61,57232.61,0.0,2,none,0.1998,0,no_mismatch
70804.63,70804.63,0.0,39,none,0.0811,0,no_mismatch
11998.43,11998.43,0.0,69,TD,0.0194,0,no_mismatch
88371.89,88371.89,0.0,35,none,0.0224,0,no_mismatch
98954.67,98954.67,0.0,15,BD,0.0934,0,no_mismatch
36974.11,44799.55,21.1646,93,BD,0.2256,0,no_mismatch
98527.6,98527.6,0.0,2,none,0.0626,0,duplicate_charge
17755.85,17755.85,0.0,69,none,0.2183,0,duplicate_charge
58367.8,58367.8,0.0,89,none,0.1669,0,stuck_payment
63467.12,63467.12,0.0,105,none,0.0878,0,stuck_payment
63017.09,63017.09,0.0,51,TD,0.0656,0,no_mismatch
36927.14,36927.14,0.0,12,none,0.1203,0,stuck_payment
17693.44,17693.44,0.0,94,TD,0.0777,0,no_mismatch
88536.78,88536.78,0.0,88,none,0.0267,1,duplicate_charge
24600.86,24600.86,0.0,52,BD,0.1364,0,no_mismatch
80818.47,80818.47,0.0,49,none,0.0364,1,duplicate_charge
83068.66,83068.66,0.0,17,TD,0.0301,0,no_mismatch
62775.7,44576.47,28.9909,70,none,0.0912,0,wrong_amount
20311.93,20311.93,0.0,73,none,0.2057,0,stuck_payment
47942.95,47942.95,0.0,70,none,0.1606,0,stuck_payment
82510.0,89855.87,8.903,19,BD,0.0638,0,no_mismatch
38599.77,38599.77,0.0,37,TD,0.221,0,no_mismatch
88433.97,88433.97,0.0,15,none,0.2478,0,no_mismatch
95651.0,95651.0,0.0,10,none,0.0384,0,no_mismatch
91995.37,91995.37,0.0,78,TD,0.1129,0,stuck_payment
18218.41,18218.41,0.0,115,none,0.0824,0,stuck_payment
34903.73,44497.81,27.4873,120,TD,0.2277,0,no_mismatch
78906.73,78906.73,0.0,20,none,0.0452,0,no_mismatch
44724.87,44724.87,0.0,62,none,0.0372,0,stuck_payment
72698.1,65651.81,9.6925,24,none,0.0946,0,wrong_amount
48180.73,48180.73,0.0,78,none,0.09,0,no_mismatch
65430.03,65430.03,0.0,54,none,0.1393,0,stuck_payment
53667.63,53667.63,0.0,11,none,0.1112,0,no_mismatch
69380.55,69380.55,0.0,90,BD,0.0968,0,no_mismatch
85074.45,85074.45,0.0,61,none,0.231,1,duplicate_charge
34999.82,34999.82,0.0,111,none,0.0434,0,stuck_payment
83541.71,83541.71,0.0,120,none,0.0682,0,stuck_payment
5680.98,4041.32,28.8623,49,none,0.1771,0,wrong_amount
5502.93,6463.51,17.4558,108,none,0.048,0,wrong_amount
14213.62,14213.62,0.0,2,none,0.2053,0,no_mismatch
18324.21,18324.21,0.0,96,none,0.2377,0,stuck_payment
72283.49,72283.49,0.0,83,none,0.0788,0,stuck_payment
88127.6,68268.69,22.5343,2,none,0.1117,0,wrong_amount
45484.22,45484.22,0.0,34,none,0.1304,0,no_mismatch
42424.66,54810.0,29.1937,17,none,0.1061,1,duplicate_charge
39289.87,39289.87,0.0,72,none,0.0285,0,stuck_payment
47793.88,47793.88,0.0,52,none,0.0496,0,stuck_payment
64700.05,62595.1,3.2534,47,none,0.2132,1,duplicate_charge
28292.47,28292.47,0.0,9,TD,0.0126,0,no_mismatch
18855.61,18855.61,0.0,119,BD,0.0746,0,stuck_payment
56523.2,56523.2,0.0,102,none,0.0215,1,duplicate_charge
30929.63,30929.63,0.0,97,TD,0.1056,0,no_mismatch
75209.04,75209.04,0.0,17,none,0.0334,0,no_mismatch
74170.99,56203.0,24.2251,4,none,0.1017,0,wrong_amount
85217.51,85217.51,0.0,20,none,0.0289,0,no_mismatch
95286.55,95286.55,0.0,28,none,0.167,0,no_mismatch
16188.6,16188.6,0.0,67,none,0.1561,0,stuck_payment
76886.76,76886.76,0.0,17,none,0.0965,0,no_mismatch
43147.05,43147.05,0.0,100,none,0.0674,0,stuck_payment
60727.02,60727.02,0.0,73,none,0.1294,0,stuck_payment
14347.99,14347.99,0.0,71,none,0.2014,0,no_mismatch
49941.33,49941.33,0.0,22,none,0.0488,0,no_mismatch
36396.49,38353.84,5.3779,34,none,0.2448,0,wrong_amount
44260.33,44260.33,0.0,16,none,0.1272,0,no_mismatch
28733.84,28733.84,0.0,80,none,0.041,0,duplicate_charge
84499.08,84499.08,0.0,48,BD,0.1092,0,no_mismatch
87753.12,87753.12,0.0,6,none,0.1645,0,no_mismatch
24557.2,24557.2,0.0,2,TD,0.0353,0,wrong_amount
57056.36,57056.36,0.0,29,none,0.1209,1,no_mismatch
46641.17,46641.17,0.0,116,none,0.0362,0,stuck_payment
10924.0,10924.0,0.0,51,none,0.0579,0,stuck_payment
31796.76,31796.76,0.0,63,TD,0.1879,0,no_mismatch
45512.41,45512.41,0.0,61,BD,0.0612,0,no_mismatch
98782.29,98782.29,0.0,8,none,0.0968,0,no_mismatch
47393.62,59735.34,26.0409,35,TD,0.0523,0,no_mismatch
27463.14,34662.26,26.2138,112,none,0.0614,0,wrong_amount
18489.42,23453.69,26.8492,44,none,0.0813,0,wrong_amount
94199.97,94199.97,0.0,69,none,0.0486,0,stuck_payment
35533.77,35533.77,0.0,50,none,0.1446,0,stuck_payment
19936.14,19936.14,0.0,75,none,0.0877,0,stuck_payment
93903.01,93903.01,0.0,95,none,0.0134,0,stuck_payment
93388.56,93388.56,0.0,41,BD,0.2428,0,no_mismatch
52117.1,45072.0,13.5178,82,none,0.2427,1,no_mismatch
21940.41,21940.41,0.0,54,none,0.1959,0,stuck_payment
21692.11,21692.11,0.0,25,none,0.1484,1,duplicate_charge
81396.56,59501.07,26.8998,90,none,0.2498,0,wrong_amount
35237.72,35237.72,0.0,55,none,0.1936,0,stuck_payment
17663.8,17663.8,0.0,23,none,0.049,0,no_mismatch
28574.29,28574.29,0.0,88,none,0.078,0,stuck_payment
92521.05,92521.05,0.0,12,none,0.0349,0,no_mismatch
61664.41,61664.41,0.0,64,none,0.1597,0,stuck_payment
63389.16,63389.16,0.0,104,BD,0.0796,0,no_mismatch
22365.65,22365.65,0.0,49,BD,0.2155,0,stuck_payment
35126.31,35126.31,0.0,60,none,0.2069,0,stuck_payment
74141.19,65807.6,11.2402,65,TD,0.2211,0,no_mismatch
83864.57,83864.57,0.0,54,none,0.011,0,stuck_payment
3364.19,4162.23,23.7216,43,TD,0.1473,0,no_mismatch
55618.38,55618.38,0.0,79,none,0.2089,0,stuck_payment
57827.58,46788.97,19.0888,52,none,0.1341,0,wrong_amount
10047.83,10047.83,0.0,65,BD,0.1485,0,stuck_payment
76240.97,76240.97,0.0,108,none,0.2377,0,stuck_payment
9417.21,9417.21,0.0,81,none,0.0467,0,stuck_payment
54412.88,54412.88,0.0,74,none,0.1882,0,stuck_payment
45425.26,45425.26,0.0,46,TD,0.1666,0,no_mismatch
19463.51,19463.51,0.0,93,none,0.1987,0,stuck_payment
65959.84,65959.84,0.0,120,BD,0.0156,0,no_mismatch
86707.21,62588.69,27.816,14,BD,0.0729,0,stuck_payment
7830.4,7830.4,0.0,117,none,0.1038,0,stuck_payment
2293.5,1633.47,28.7783,27,none,0.1001,0,wrong_amount
90839.41,90839.41,0.0,24,TD,0.2269,0,no_mismatch
63158.22,63158.22,0.0,16,none,0.2485,0,no_mismatch
61439.1,61439.1,0.0,21,none,0.0711,0,no_mismatch
60650.47,60650.47,0.0,67,none,0.0466,0,stuck_payment
11567.37,11567.37,0.0,42,BD,0.03,0,no_mismatch
12745.37,12745.37,0.0,26,none,0.0937,0,no_mismatch
29502.66,29502.66,0.0,64,none,0.2371,0,stuck_payment
25084.31,31451.13,25.3817,51,BD,0.2004,0,no_mismatch
16648.75,16648.75,0.0,93,none,0.2219,0,stuck_payment
74733.22,74733.22,0.0,80,BD,0.1019,0,no_mismatch
35356.26,35356.26,0.0,105,BD,0.0501,1,duplicate_charge
51184.55,51184.55,0.0,38,none,0.2205,0,wrong_amount
53096.77,53096.77,0.0,15,TD,0.0874,0,no_mismatch
35838.68,42902.34,19.7096,19,none,0.0394,0,wrong_amount
1189.01,1189.01,0.0,60,none,0.0872,0,stuck_payment
6716.89,6716.89,0.0,28,none,0.0347,0,no_mismatch
60829.65,60829.65,0.0,111,none,0.1477,0,stuck_payment
68244.98,68244.98,0.0,105,none,0.0573,0,stuck_payment
49915.23,49915.23,0.0,54,BD,0.1187,0,no_mismatch
59157.99,59157.99,0.0,3,TD,0.1645,0,no_mismatch
98796.68,98796.68,0.0,37,BD,0.242,1,duplicate_charge
53393.35,53393.35,0.0,44,none,0.0267,1,duplicate_charge
80271.08,80271.08,0.0,36,none,0.093,1,duplicate_charge
77483.88,77483.88,0.0,7,none,0.1771,0,no_mismatch
84882.36,84882.36,0.0,16,none,0.235,0,no_mismatch
22479.03,22479.03,0.0,18,BD,0.0875,0,stuck_payment
43624.68,46127.27,5.7366,105,none,0.2475,0,wrong_amount
86814.69,86814.69,0.0,101,BD,0.0215,0,no_mismatch
26446.34,26446.34,0.0,102,none,0.0748,0,stuck_payment
13862.56,13862.56,0.0,17,none,0.0455,0,duplicate_charge
85030.35,85030.35,0.0,82,none,0.0394,0,wrong_amount
57830.68,57830.68,0.0,36,none,0.1854,0,no_mismatch
26454.82,26454.82,0.0,11,none,0.2105,0,duplicate_charge
64748.71,64748.71,0.0,89,BD,0.2432,1,duplicate_charge
1411.5,1411.5,0.0,105,none,0.127,0,stuck_payment
81418.14,81418.14,0.0,66,none,0.1925,0,stuck_payment
45456.79,38576.25,15.1364,29,none,0.1025,0,wrong_amount
62085.76,62085.76,0.0,52,TD,0.0767,0,no_mismatch
30783.96,30783.96,0.0,83,BD,0.1206,0,no_mismatch
11108.9,12645.29,13.8303,4,none,0.1374,0,wrong_amount
11920.79,11920.79,0.0,46,none,0.0461,0,stuck_payment
50841.89,46683.48,8.1791,7,none,0.1857,0,wrong_amount
29471.19,29471.19,0.0,77,TD,0.1558,0,stuck_payment
11007.54,10184.71,7.4751,29,BD,0.2248,0,no_mismatch
23952.84,23952.84,0.0,36,TD,0.1589,0,no_mismatch
39251.62,47894.2,22.0184,64,TD,0.1986,0,no_mismatch
28870.46,28870.46,0.0,94,BD,0.0544,0,no_mismatch
62249.62,62249.62,0.0,110,none,0.0673,0,stuck_payment
7038.52,5138.3,26.9974,2,none,0.1127,1,duplicate_charge
97439.65,97439.65,0.0,22,none,0.2147,0,stuck_payment
96957.2,96957.2,0.0,63,none,0.1234,1,stuck_payment
1837.34,1837.34,0.0,38,none,0.1361,0,no_mismatch
14743.64,16091.62,9.1428,58,none,0.0942,0,wrong_amount
66374.51,66374.51,0.0,59,BD,0.0946,0,no_mismatch
89148.1,89148.1,0.0,110,none,0.2125,0,stuck_payment
27066.75,27066.75,0.0,82,BD,0.2449,0,no_mismatch
65970.75,56117.54,14.9357,74,none,0.2436,0,wrong_amount
74462.08,53132.79,28.6445,36,none,0.1729,0,wrong_amount
44982.01,44982.01,0.0,68,TD,0.2285,0,no_mismatch
33186.45,33186.45,0.0,36,none,0.0199,0,no_mismatch
34393.12,34393.12,0.0,56,none,0.146,0,stuck_payment
34765.08,34677.16,0.2529,60,none,0.1356,0,duplicate_charge
55858.27,47699.8,14.6057,103,TD,0.1189,0,no_mismatch
82564.51,70467.48,14.6516,56,none,0.2102,1,duplicate_charge
13858.11,13858.11,0.0,101,none,0.1697,0,stuck_payment
15588.2,14321.7,8.1247,56,none,0.0294,0,wrong_amount
47370.46,47370.46,0.0,104,none,0.1027,0,stuck_payment
90425.87,90425.87,0.0,118,none,0.0846,0,stuck_payment
67924.43,67924.43,0.0,75,BD,0.1942,0,no_mismatch
41689.6,45504.84,9.1515,73,none,0.1207,0,wrong_amount
78262.33,78262.33,0.0,13,BD,0.1161,0,no_mismatch
93494.49,93494.49,0.0,60,none,0.122,0,stuck_payment
46182.27,46182.27,0.0,4,none,0.111,0,no_mismatch
61559.33,61559.33,0.0,32,none,0.0995,0,no_mismatch
90001.25,90001.25,0.0,7,none,0.1042,0,no_mismatch
694.69,694.69,0.0,112,none,0.2114,1,duplicate_charge
27090.47,27090.47,0.0,14,none,0.0334,0,no_mismatch
48198.64,48198.64,0.0,8,BD,0.1503,0,no_mismatch
71723.44,71723.44,0.0,67,BD,0.1877,0,no_mismatch
22432.0,22432.0,0.0,110,TD,0.1608,0,no_mismatch
93659.47,93659.47,0.0,80,none,0.0375,1,duplicate_charge
60418.69,58662.07,2.9074,14,none,0.2099,0,wrong_amount
5659.75,4972.25,12.1472,105,TD,0.2135,0,no_mismatch
61314.73,61314.73,0.0,85,none,0.1138,0,stuck_payment
18562.3,18562.3,0.0,85,TD,0.1328,0,no_mismatch
20115.07,20115.07,0.0,38,none,0.2402,0,no_mismatch
66803.2,66803.2,0.0,90,none,0.1214,0,stuck_payment
14901.84,14901.84,0.0,16,none,0.0126,0,no_mismatch
64546.39,64546.39,0.0,80,none,0.2279,0,stuck_payment
14016.42,14016.42,0.0,59,TD,0.2456,0,duplicate_charge
85598.37,85598.37,0.0,45,none,0.136,0,stuck_payment
17532.24,20982.58,19.68,59,none,0.1988,0,wrong_amount
76284.5,76284.5,0.0,51,BD,0.2114,0,no_mismatch
96259.25,96259.25,0.0,24,none,0.2326,0,stuck_payment
52590.85,57704.57,9.7236,75,none,0.1069,1,duplicate_charge
85217.92,82748.92,2.8973,64,none,0.1243,0,wrong_amount
98134.71,98134.71,0.0,94,none,0.0353,0,stuck_payment
72843.5,72843.5,0.0,54,none,0.0249,0,stuck_payment
3838.09,3838.09,0.0,57,none,0.1556,0,stuck_payment
92362.73,92362.73,0.0,90,none,0.042,0,stuck_payment
55691.18,63896.72,14.734,29,TD,0.0489,0,no_mismatch
80886.35,66760.56,17.4638,27,BD,0.0437,1,no_mismatch
77461.13,77461.13,0.0,111,BD,0.0545,0,no_mismatch
91107.75,91107.75,0.0,64,TD,0.0598,0,no_mismatch
50134.94,50134.94,0.0,116,none,0.0431,1,duplicate_charge
42808.42,42808.42,0.0,10,none,0.0405,0,no_mismatch
10181.21,10181.21,0.0,7,none,0.0894,0,no_mismatch
94067.69,94067.69,0.0,33,none,0.0959,0,no_mismatch
15870.52,15870.52,0.0,69,none,0.2148,0,stuck_payment
50054.7,50054.7,0.0,8,none,0.224,0,no_mismatch
93699.0,93699.0,0.0,84,BD,0.0911,0,no_mismatch
33520.67,33520.67,0.0,18,TD,0.206,0,no_mismatch
75758.74,75758.74,0.0,8,TD,0.0275,0,no_mismatch
90441.95,90441.95,0.0,98,none,0.093,1,duplicate_charge
41682.39,41682.39,0.0,119,BD,0.1423,0,no_mismatch
27123.79,26833.14,1.0716,84,none,0.1246,0,wrong_amount
87657.34,87657.34,0.0,120,BD,0.1957,0,no_mismatch
53465.17,53465.17,0.0,88,none,0.0143,0,stuck_payment
38773.77,38773.77,0.0,17,none,0.1124,0,no_mismatch
43851.49,43851.49,0.0,116,none,0.0565,0,duplicate_charge
5886.46,5886.46,0.0,76,BD,0.1091,0,no_mismatch
80792.73,80792.73,0.0,6,none,0.0136,0,no_mismatch
81280.93,78190.18,3.8026,37,BD,0.0939,0,no_mismatch
24500.01,24500.01,0.0,78,none,0.1678,0,stuck_payment
7730.15,7730.15,0.0,27,none,0.1865,0,no_mismatch
91518.58,91518.58,0.0,92,none,0.0981,0,stuck_payment
86910.2,86910.2,0.0,115,TD,0.1775,0,no_mismatch
5494.35,5494.35,0.0,91,none,0.1267,1,duplicate_charge
91213.72,91213.72,0.0,67,TD,0.1881,0,no_mismatch
37301.76,37301.76,0.0,19,BD,0.0664,0,no_mismatch
76442.78,76442.78,0.0,3,none,0.0181,0,duplicate_charge
38479.25,38479.25,0.0,11,BD,0.2151,0,no_mismatch
1982.96,1982.96,0.0,57,BD,0.0594,0,no_mismatch
43165.39,47117.64,9.1561,120,BD,0.1561,0,no_mismatch
92277.6,92277.6,0.0,104,none,0.062,1,duplicate_charge
72606.05,72606.05,0.0,111,none,0.185,0,stuck_payment
5806.15,6482.79,11.6538,110,none,0.1383,0,wrong_amount
71950.1,71950.1,0.0,34,TD,0.1015,0,no_mismatch
92473.65,92895.85,0.4566,11,none,0.1951,0,wrong_amount
57151.15,61854.33,8.2294,85,TD,0.1667,0,no_mismatch
1332.68,1332.68,0.0,85,none,0.0735,0,stuck_payment
46326.15,46326.15,0.0,60,BD,0.0961,0,no_mismatch
55705.18,55705.18,0.0,75,none,0.0763,0,stuck_payment
31471.25,33169.67,5.3967,34,none,0.0405,0,wrong_amount
14775.49,14775.49,0.0,7,TD,0.1671,0,no_mismatch
50721.25,50721.25,0.0,41,BD,0.1822,1,duplicate_charge
71483.5,71483.5,0.0,33,BD,0.2128,0,duplicate_charge
54090.09,50280.89,7.0423,10,none,0.0372,1,duplicate_charge
20483.79,20483.79,0.0,107,none,0.1098,0,stuck_payment
87597.73,96179.67,9.797,43,none,0.2254,0,wrong_amount
94253.71,94253.71,0.0,4,TD,0.0207,0,no_mismatch
91196.08,107859.04,18.2716,66,none,0.1881,0,wrong_amount
71312.74,71312.74,0.0,49,none,0.0178,0,stuck_payment
38170.86,38170.86,0.0,11,none,0.2401,0,no_mismatch
56583.7,56583.7,0.0,81,none,0.1103,0,stuck_payment
84774.75,84774.75,0.0,7,none,0.1682,0,no_mismatch
31762.24,26280.51,17.2586,43,TD,0.1942,0,no_mismatch
45636.54,45636.54,0.0,15,none,0.1168,0,no_mismatch
41051.59,34148.85,16.8148,118,none,0.1262,0,wrong_amount
78651.78,78651.78,0.0,106,none,0.0401,0,stuck_payment
77667.18,77667.18,0.0,75,none,0.1553,0,stuck_payment
34223.02,30028.37,12.2568,74,none,0.2215,0,wrong_amount
18073.58,18073.58,0.0,22,BD,0.0732,0,no_mismatch
93019.5,93019.5,0.0,17,none,0.2101,1,duplicate_charge
16776.87,19368.86,15.4498,116,none,0.0406,0,wrong_amount
24219.35,24219.35,0.0,44,none,0.2256,0,stuck_payment
61701.3,61701.3,0.0,6,BD,0.231,0,duplicate_charge
91076.36,91076.36,0.0,95,none,0.0794,0,stuck_payment
13547.09,10433.91,22.9804,20,none,0.1525,0,wrong_amount
64975.54,64975.54,0.0,57,TD,0.1834,0,no_mismatch
77323.33,77323.33,0.0,64,none,0.1454,0,stuck_payment
58024.84,58024.84,0.0,55,TD,0.1022,0,no_mismatch
95356.02,68321.03,28.3516,56,none,0.148,0,wrong_amount
10036.71,10036.71,0.0,16,TD,0.1268,0,no_mismatch
17015.15,17015.15,0.0,34,none,0.1908,0,no_mismatch
66676.72,62538.44,6.2065,4,none,0.0195,0,wrong_amount
53837.8,45949.52,14.6519,48,TD,0.236,0,wrong_amount
73235.73,73235.73,0.0,107,none,0.2303,0,stuck_payment
91926.45,116440.03,26.6665,34,BD,0.0428,0,duplicate_charge
66904.69,66904.69,0.0,103,BD,0.2004,0,no_mismatch
32778.86,32778.86,0.0,36,none,0.1865,0,no_mismatch
7501.44,7501.44,0.0,115,none,0.114,0,stuck_payment
79440.32,79440.32,0.0,108,none,0.211,0,stuck_payment
94923.34,94923.34,0.0,32,BD,0.1003,0,no_mismatch
67367.43,67367.43,0.0,20,none,0.0549,0,no_mismatch
13266.01,13266.01,0.0,12,none,0.2157,0,wrong_amount
419.45,348.82,16.8387,91,TD,0.1104,0,no_mismatch
38090.99,38090.99,0.0,82,none,0.1373,0,stuck_payment
87801.18,87801.18,0.0,113,TD,0.1264,0,no_mismatch
39281.78,39281.78,0.0,62,TD,0.0625,0,no_mismatch
89692.16,89692.16,0.0,54,none,0.0881,0,no_mismatch
11670.34,11670.34,0.0,41,none,0.0934,0,stuck_payment
12892.98,12892.98,0.0,108,none,0.1274,0,stuck_payment
23562.52,23562.52,0.0,65,TD,0.2142,0,no_mismatch
56269.51,56269.51,0.0,87,none,0.1039,0,stuck_payment
39928.08,39928.08,0.0,35,none,0.0625,0,no_mismatch
4658.29,4658.29,0.0,29,none,0.05,0,no_mismatch
62566.12,62566.12,0.0,79,none,0.041,0,stuck_payment
95032.83,105844.05,11.3763,117,none,0.1938,1,duplicate_charge
5016.6,5016.6,0.0,69,TD,0.0477,0,no_mismatch
85986.31,85986.31,0.0,103,TD,0.0997,0,no_mismatch
55339.82,55339.82,0.0,2,BD,0.0148,0,no_mismatch
10341.82,10341.82,0.0,63,BD,0.0779,1,duplicate_charge
63192.39,63192.39,0.0,5,TD,0.0397,0,no_mismatch
65562.07,80127.45,22.2162,111,BD,0.0277,0,no_mismatch
76262.36,76262.36,0.0,2,none,0.14,0,stuck_payment
9646.11,9646.11,0.0,51,TD,0.1554,0,no_mismatch
32440.3,32440.3,0.0,3,none,0.1201,1,no_mismatch
96929.31,96929.31,0.0,49,TD,0.0323,0,stuck_payment
56143.53,56143.53,0.0,117,none,0.1316,0,stuck_payment
99316.08,99316.08,0.0,48,none,0.1815,0,stuck_payment
57830.16,71210.08,23.1366,48,none,0.0361,0,wrong_amount
14462.75,14462.75,0.0,11,BD,0.0506,0,no_mismatch
49032.17,49032.17,0.0,19,none,0.2111,0,no_mismatch
83981.04,83981.04,0.0,8,none,0.0705,0,no_mismatch
33853.06,37118.29,9.6453,112,BD,0.1757,0,no_mismatch
79490.11,79490.11,0.0,41,none,0.0666,0,stuck_payment
48351.33,48351.33,0.0,95,none,0.0295,0,stuck_payment
69955.63,69955.63,0.0,97,BD,0.1348,0,no_mismatch
19817.02,19817.02,0.0,15,BD,0.1118,0,no_mismatch
80335.05,80335.05,0.0,96,none,0.1104,1,duplicate_charge
11846.57,11846.57,0.0,93,none,0.1724,0,stuck_payment
61548.54,61548.54,0.0,84,TD,0.0796,0,no_mismatch
80301.09,80301.09,0.0,48,none,0.0703,0,stuck_payment
93626.63,93626.63,0.0,93,none,0.2327,0,stuck_payment
71536.63,71536.63,0.0,41,none,0.0461,1,duplicate_charge
97699.92,97699.92,0.0,25,TD,0.0325,0,no_mismatch
9561.99,9561.99,0.0,77,TD,0.0941,0,no_mismatch
22680.35,22680.35,0.0,119,TD,0.0782,0,no_mismatch
42673.95,42673.95,0.0,48,none,0.1068,0,stuck_payment
54147.6,54147.6,0.0,10,none,0.0347,0,no_mismatch
17914.69,17914.69,0.0,17,none,0.151,0,no_mismatch
33083.0,33083.0,0.0,76,none,0.242,0,duplicate_charge
61627.13,61627.13,0.0,27,TD,0.198,0,no_mismatch
9224.69,9224.69,0.0,19,BD,0.1241,1,duplicate_charge
7870.96,7870.96,0.0,18,none,0.1155,0,wrong_amount
32776.23,32776.23,0.0,16,TD,0.1044,0,no_mismatch
70653.83,70653.83,0.0,108,none,0.1374,0,stuck_payment
84234.9,84234.9,0.0,82,none,0.1807,0,stuck_payment
56092.54,56092.54,0.0,101,TD,0.0389,0,no_mismatch
65244.0,82197.23,25.9844,99,none,0.1848,0,wrong_amount
56023.42,56023.42,0.0,25,none,0.053,0,duplicate_charge
1166.17,1166.17,0.0,68,TD,0.1507,0,no_mismatch
91112.97,91112.97,0.0,65,none,0.1556,1,duplicate_charge
27567.65,27567.65,0.0,6,none,0.179,0,no_mismatch
5816.98,5816.98,0.0,4,none,0.2326,0,wrong_amount
63260.78,63260.78,0.0,61,none,0.1654,0,stuck_payment
10478.34,10478.34,0.0,79,none,0.0468,0,stuck_payment
87104.23,76139.69,12.5878,8,none,0.1805,0,wrong_amount
85803.24,85803.24,0.0,110,TD,0.1574,1,duplicate_charge
83743.63,83743.63,0.0,41,none,0.0506,0,stuck_payment
72241.34,72241.34,0.0,2,none,0.1068,0,duplicate_charge
66997.15,50414.22,24.7517,94,TD,0.0514,1,wrong_amount
60892.05,60892.05,0.0,53,TD,0.1892,0,duplicate_charge
422.12,422.12,0.0,45,BD,0.1219,0,no_mismatch
8700.91,8700.91,0.0,12,BD,0.0317,0,no_mismatch
18647.32,18647.32,0.0,3,none,0.1993,0,no_mismatch
37515.5,29363.74,21.729,40,none,0.1642,0,wrong_amount
19189.5,19189.5,0.0,17,none,0.101,0,no_mismatch
27968.44,27968.44,0.0,53,TD,0.0552,0,no_mismatch
17793.5,17793.5,0.0,90,none,0.0322,0,duplicate_charge
36424.96,36424.96,0.0,67,none,0.1614,0,stuck_payment
3769.44,3769.44,0.0,50,TD,0.1465,0,no_mismatch
43441.95,43441.95,0.0,88,none,0.0598,0,stuck_payment
50426.15,50426.15,0.0,102,TD,0.1332,0,no_mismatch
21903.67,21903.67,0.0,119,BD,0.168,0,no_mismatch
14067.55,14067.55,0.0,48,none,0.168,0,stuck_payment
32304.97,28826.21,10.7685,21,none,0.0903,0,wrong_amount
10110.75,10110.75,0.0,40,TD,0.1412,0,no_mismatch
43956.97,43956.97,0.0,76,none,0.1144,0,stuck_payment
83426.23,83426.23,0.0,48,none,0.1258,0,stuck_payment
4108.88,4108.88,0.0,30,none,0.2262,0,no_mismatch
42156.5,42156.5,0.0,74,none,0.0169,0,stuck_payment
92243.12,92243.12,0.0,90,none,0.0576,0,stuck_payment
75209.82,67692.37,9.9953,12,none,0.1938,0,wrong_amount
45925.48,45912.86,0.0275,26,none,0.0823,1,duplicate_charge
23694.74,23694.74,0.0,12,none,0.047,0,no_mismatch
77583.29,73874.05,4.781,61,none,0.1046,0,wrong_amount
47283.36,47283.36,0.0,60,none,0.1931,1,duplicate_charge
12937.39,12937.39,0.0,18,none,0.0885,0,no_mismatch
67507.49,67507.49,0.0,77,none,0.0272,0,stuck_payment
74068.87,74068.87,0.0,29,none,0.0528,0,no_mismatch
36291.82,36291.82,0.0,1,none,0.1904,0,no_mismatch
64593.17,60949.87,5.6404,39,none,0.0915,0,stuck_payment
42628.56,42628.56,0.0,50,none,0.1254,0,stuck_payment
95506.21,84095.97,11.9471,60,none,0.0931,0,wrong_amount
65621.27,65621.27,0.0,104,BD,0.0866,0,no_mismatch
38460.63,38460.63,0.0,63,none,0.1708,0,stuck_payment
5545.68,5545.68,0.0,95,none,0.1549,0,stuck_payment
45081.97,45081.97,0.0,61,none,0.2126,0,stuck_payment
11256.05,12688.62,12.7271,112,none,0.0461,0,wrong_amount
93424.29,93424.29,0.0,26,none,0.1575,0,no_mismatch
43545.32,43545.32,0.0,6,BD,0.1275,0,no_mismatch
88927.68,88927.68,0.0,33,none,0.172,0,no_mismatch
2450.68,2450.68,0.0,38,none,0.0142,0,no_mismatch
63634.67,63634.67,0.0,46,none,0.1375,0,no_mismatch
17605.84,17605.84,0.0,17,none,0.1619,0,no_mismatch
27542.15,27542.15,0.0,89,none,0.2305,0,stuck_payment
93233.4,93233.4,0.0,73,none,0.0284,0,no_mismatch
14760.37,14760.37,0.0,82,none,0.0343,0,stuck_payment
72567.37,72567.37,0.0,82,none,0.1114,1,duplicate_charge
95040.85,95040.85,0.0,84,none,0.029,0,stuck_payment
96519.49,96519.49,0.0,74,TD,0.0828,0,no_mismatch
85438.94,85438.94,0.0,103,BD,0.1476,0,no_mismatch
93554.28,93554.28,0.0,89,none,0.0764,0,stuck_payment
60501.79,60501.79,0.0,87,TD,0.0112,0,no_mismatch
78226.85,78226.85,0.0,36,TD,0.1538,0,no_mismatch
31884.12,31884.12,0.0,3,none,0.0631,0,no_mismatch
72843.58,72843.58,0.0,59,none,0.1623,0,stuck_payment
38965.05,38965.05,0.0,2,none,0.0867,0,no_mismatch
15262.68,15262.68,0.0,64,TD,0.1775,0,stuck_payment
25643.69,19086.77,25.5693,81,none,0.2464,1,duplicate_charge
74826.29,74826.29,0.0,39,TD,0.0857,0,no_mismatch
3053.5,3053.5,0.0,22,none,0.1456,0,stuck_payment
76517.52,76517.52,0.0,37,none,0.1278,0,wrong_amount
92125.51,75345.7,18.2141,13,none,0.0607,0,wrong_amount
29005.96,29005.96,0.0,99,none,0.1863,0,stuck_payment
40910.77,40910.77,0.0,54,none,0.0769,0,duplicate_charge
63064.54,63064.54,0.0,88,none,0.1928,0,stuck_payment
53609.14,53609.14,0.0,110,none,0.1916,0,stuck_payment
92462.58,116688.14,26.2004,37,BD,0.2092,0,no_mismatch
65653.44,65653.44,0.0,13,none,0.1667,0,no_mismatch
41088.35,41088.35,0.0,80,TD,0.1563,0,no_mismatch
8142.53,8142.53,0.0,53,none,0.088,0,stuck_payment
56973.68,56973.68,0.0,12,none,0.0155,0,no_mismatch
79009.0,79009.0,0.0,66,none,0.2141,0,stuck_payment
36969.53,36969.53,0.0,23,none,0.1811,0,no_mismatch
13351.74,13476.44,0.934,59,TD,0.1548,0,no_mismatch
79695.68,79695.68,0.0,65,none,0.2029,0,stuck_payment
87221.34,87221.34,0.0,32,none,0.241,1,duplicate_charge
3329.02,3329.02,0.0,111,none,0.1229,0,stuck_payment
78325.97,78325.97,0.0,114,none,0.039,0,stuck_payment
64744.23,64744.23,0.0,4,none,0.2087,1,stuck_payment
81185.07,81185.07,0.0,93,none,0.0972,0,stuck_payment
51204.81,51204.81,0.0,55,none,0.0349,0,stuck_payment
75818.25,75818.25,0.0,102,BD,0.0505,0,no_mismatch
34049.48,34049.48,0.0,102,none,0.0735,0,stuck_payment
69402.23,69402.23,0.0,91,none,0.0687,0,stuck_payment
29599.68,29599.68,0.0,101,none,0.0719,0,stuck_payment
3670.89,3095.79,15.6665,29,none,0.1452,0,wrong_amount
30735.61,30735.61,0.0,73,none,0.1241,0,stuck_payment
29558.47,29558.47,0.0,89,BD,0.1558,0,no_mismatch
25804.85,25804.85,0.0,109,TD,0.0827,0,no_mismatch
26016.18,26016.18,0.0,96,none,0.134,0,stuck_payment
90010.4,90010.4,0.0,83,TD,0.2146,0,no_mismatch
37498.82,37498.82,0.0,63,none,0.219,0,wrong_amount
48451.44,48451.44,0.0,86,none,0.0922,0,stuck_payment
22508.57,22508.57,0.0,100,none,0.0387,0,stuck_payment
49929.15,49929.15,0.0,82,none,0.2116,0,stuck_payment
78330.44,78330.44,0.0,30,none,0.0973,1,duplicate_charge
62677.56,62677.56,0.0,65,BD,0.1428,0,no_mismatch
74151.66,74151.66,0.0,103,BD,0.146,0,no_mismatch
25681.6,25681.6,0.0,89,none,0.2158,0,stuck_payment
71766.29,92852.2,29.3814,71,TD,0.1883,0,no_mismatch
91754.94,91754.94,0.0,17,none,0.0246,0,no_mismatch
58609.17,58609.17,0.0,60,BD,0.2216,1,duplicate_charge
79022.61,90362.06,14.3496,11,none,0.034,0,duplicate_charge
59869.55,59869.55,0.0,2,none,0.2167,0,no_mismatch
88663.1,88663.1,0.0,25,none,0.1624,0,no_mismatch
99224.54,99224.54,0.0,53,none,0.1282,0,stuck_payment
50778.57,50778.57,0.0,83,TD,0.2181,0,no_mismatch
27601.31,27601.31,0.0,40,none,0.0368,0,no_mismatch
18299.81,23204.45,26.8016,64,TD,0.0257,0,no_mismatch
30533.63,30533.63,0.0,57,none,0.1749,0,stuck_payment
19440.19,20792.85,6.9581,65,none,0.1939,0,stuck_payment
68506.16,68506.16,0.0,27,none,0.0471,0,no_mismatch
76663.1,76663.1,0.0,110,TD,0.169,0,stuck_payment
51694.98,51694.98,0.0,77,none,0.1971,0,stuck_payment
93291.07,93291.07,0.0,110,none,0.099,0,stuck_payment
72698.29,72698.29,0.0,41,none,0.1121,0,stuck_payment
41770.65,41770.65,0.0,52,BD,0.1081,0,no_mismatch
14079.04,14079.04,0.0,36,BD,0.179,0,no_mismatch
71695.6,71695.6,0.0,48,BD,0.1126,0,no_mismatch
55851.01,55851.01,0.0,103,TD,0.1307,0,no_mismatch
10772.77,10772.77,0.0,42,none,0.236,0,stuck_payment
95209.33,95209.33,0.0,100,none,0.1751,0,stuck_payment
48755.43,48755.43,0.0,78,none,0.0242,1,duplicate_charge
34334.92,34334.92,0.0,57,none,0.0366,0,duplicate_charge
75007.64,75007.64,0.0,100,none,0.2078,0,stuck_payment
59021.85,59021.85,0.0,72,BD,0.0689,0,no_mismatch
76302.44,76302.44,0.0,68,none,0.1755,0,stuck_payment
77013.6,77013.6,0.0,90,none,0.0854,0,stuck_payment
90519.84,90519.84,0.0,114,TD,0.0871,0,no_mismatch
36284.16,46858.54,29.1432,33,none,0.2338,0,wrong_amount
64259.8,64259.8,0.0,104,none,0.0215,0,stuck_payment
91306.92,91306.92,0.0,3,none,0.249,0,no_mismatch
87320.78,87320.78,0.0,69,none,0.148,0,stuck_payment
73469.94,73469.94,0.0,72,none,0.1376,0,stuck_payment
84645.3,61219.71,27.675,97,BD,0.1741,0,no_mismatch
46624.95,46624.95,0.0,95,TD,0.0893,0,no_mismatch
57564.85,57564.85,0.0,100,none,0.2069,0,stuck_payment
2246.2,2246.2,0.0,1,none,0.1036,1,duplicate_charge
32306.19,40598.44,25.6677,69,none,0.1697,0,wrong_amount
57486.4,57486.4,0.0,113,none,0.1484,0,no_mismatch
14913.55,14913.55,0.0,13,BD,0.1545,0,no_mismatch
77968.38,77968.38,0.0,9,none,0.0857,0,no_mismatch
20959.84,20959.84,0.0,55,none,0.0659,0,stuck_payment
77257.3,97598.6,26.3293,16,none,0.1,0,wrong_amount
74419.84,74419.84,0.0,49,BD,0.1153,0,no_mismatch
77121.28,77121.28,0.0,16,BD,0.052,0,no_mismatch
72479.38,56027.63,22.6985,63,none,0.096,0,wrong_amount
41571.27,41571.27,0.0,12,none,0.0964,0,no_mismatch
11288.04,11288.04,0.0,1,none,0.1108,0,no_mismatch
10096.6,10096.6,0.0,40,none,0.1142,0,no_mismatch
30139.37,30139.37,0.0,11,none,0.2044,0,no_mismatch
1683.42,1683.42,0.0,94,none,0.0876,0,stuck_payment
24974.91,24974.91,0.0,17,none,0.0437,0,no_mismatch
3995.18,3995.18,0.0,27,none,0.1686,0,no_mismatch
41546.15,39396.31,5.1746,95,none,0.1705,0,wrong_amount
92502.95,92502.95,0.0,4,none,0.0835,0,no_mismatch
90907.19,90907.19,0.0,42,BD,0.0162,1,duplicate_charge
47103.18,47103.18,0.0,19,none,0.0212,0,no_mismatch
59890.9,59890.9,0.0,21,BD,0.0937,0,no_mismatch
42046.3,54265.79,29.062,54,none,0.1388,0,wrong_amount
60366.78,60366.78,0.0,40,none,0.2259,0,wrong_amount
32355.36,32355.36,0.0,79,none,0.0331,0,stuck_payment
83125.83,83125.83,0.0,17,TD,0.0412,0,no_mismatch
22632.63,23277.13,2.8477,37,none,0.0353,0,wrong_amount
18544.21,18544.21,0.0,43,none,0.1209,0,stuck_payment
51738.75,51738.75,0.0,35,none,0.0416,0,no_mismatch
66154.06,66154.06,0.0,120,none,0.1895,0,stuck_payment
63224.83,63224.83,0.0,24,BD,0.1623,0,no_mismatch
23859.15,23859.15,0.0,2,none,0.1261,0,no_mismatch
62908.42,62908.42,0.0,74,none,0.2482,0,stuck_payment
26354.18,26354.18,0.0,96,TD,0.1944,0,no_mismatch
33791.73,33791.73,0.0,33,none,0.2193,0,no_mismatch
45685.97,57421.21,25.6867,9,none,0.1124,1,duplicate_charge
54377.55,38470.66,29.2527,16,none,0.081,0,wrong_amount
30772.34,30772.34,0.0,11,none,0.2432,0,no_mismatch
82020.66,82020.66,0.0,66,TD,0.2116,0,no_mismatch
1770.25,1770.25,0.0,46,none,0.1972,0,stuck_payment
53103.1,44608.96,15.9956,89,none,0.1374,0,wrong_amount
10103.79,8180.74,19.033,108,none,0.1819,0,wrong_amount
95517.53,95517.53,0.0,26,TD,0.2402,0,no_mismatch
29719.99,29719.99,0.0,54,none,0.1223,0,stuck_payment
93820.52,100895.22,7.5407,27,none,0.1571,0,wrong_amount
6016.3,6016.3,0.0,19,none,0.0485,0,no_mismatch
97647.86,97647.86,0.0,51,none,0.1651,0,stuck_payment
19417.79,19417.79,0.0,10,TD,0.2378,0,no_mismatch
40203.91,40203.91,0.0,75,none,0.0464,0,stuck_payment
67256.58,67256.58,0.0,2,none,0.1349,0,no_mismatch
77188.64,77188.64,0.0,30,none,0.0817,0,wrong_amount
74316.88,74316.88,0.0,10,none,0.191,0,no_mismatch
87536.02,87536.02,0.0,6,none,0.2239,0,no_mismatch
46705.92,46705.92,0.0,113,none,0.2177,0,stuck_payment
29181.58,29181.58,0.0,12,none,0.1548,0,no_mismatch
36318.68,36318.68,0.0,86,none,0.1784,0,stuck_payment
5759.59,7090.19,23.1023,116,TD,0.1319,0,no_mismatch
83646.0,83646.0,0.0,11,BD,0.1811,0,no_mismatch
58619.83,58619.83,0.0,56,none,0.035,0,stuck_payment
70882.06,70882.06,0.0,108,none,0.1556,0,stuck_payment
66788.95,64628.15,3.2353,74,BD,0.242,0,no_mismatch
58054.19,58054.19,0.0,78,none,0.1045,0,no_mismatch
34795.71,34795.71,0.0,110,none,0.2172,1,duplicate_charge
39929.4,39929.4,0.0,96,none,0.1706,1,duplicate_charge
56736.31,40635.35,28.3786,38,none,0.2025,0,wrong_amount
84958.07,84958.07,0.0,105,none,0.0946,0,stuck_payment
27735.58,27735.58,0.0,42,none,0.2478,0,stuck_payment
79384.74,79384.74,0.0,99,none,0.1656,0,stuck_payment
75356.58,75356.58,0.0,23,none,0.2156,0,no_mismatch
61678.63,61678.63,0.0,108,none,0.086,0,stuck_payment
91425.71,102563.75,12.1826,82,TD,0.1018,0,no_mismatch
70768.87,70768.87,0.0,104,none,0.0968,0,stuck_payment
16937.46,17902.64,5.6985,117,none,0.1642,0,wrong_amount
56036.13,45638.73,18.5548,26,BD,0.1808,0,no_mismatch
66352.7,66352.7,0.0,19,none,0.1379,0,no_mismatch
92133.71,118559.77,28.6823,79,none,0.0297,0,wrong_amount
44309.35,51594.09,16.4406,4,none,0.21,0,wrong_amount
24610.64,24610.64,0.0,83,none,0.0449,0,stuck_payment
96462.59,96462.59,0.0,62,none,0.1095,0,stuck_payment
56851.76,56851.76,0.0,109,none,0.1059,0,stuck_payment
90244.03,90244.03,0.0,34,none,0.2457,0,no_mismatch
26429.38,26429.38,0.0,116,none,0.0663,0,stuck_payment
7796.34,7796.34,0.0,42,none,0.2467,0,stuck_payment
53873.71,69728.94,29.4304,69,none,0.2037,0,duplicate_charge
72038.61,72038.61,0.0,83,none,0.2071,0,stuck_payment
26986.43,26986.43,0.0,59,none,0.1293,0,stuck_payment
95321.08,79307.88,16.7992,115,none,0.2182,0,wrong_amount
68232.5,82947.85,21.5665,115,none,0.1813,0,wrong_amount
70451.36,70451.36,0.0,51,TD,0.1185,0,no_mismatch
67499.3,67499.3,0.0,73,none,0.1319,0,stuck_payment
76653.39,76653.39,0.0,76,none,0.0116,0,stuck_payment
71240.16,71240.16,0.0,16,none,0.027,1,duplicate_charge
41429.77,39010.06,5.8405,107,TD,0.1659,0,no_mismatch
12038.06,15455.05,28.3849,104,none,0.1771,0,wrong_amount
34395.2,38060.55,10.6566,113,TD,0.0318,0,no_mismatch
20140.67,20140.67,0.0,83,none,0.0915,0,stuck_payment
52434.34,42898.88,18.1855,88,none,0.0504,0,duplicate_charge
52959.18,46845.7,11.5438,103,none,0.1452,0,wrong_amount
95575.6,77773.15,18.6266,69,TD,0.0929,0,no_mismatch
91270.2,91270.2,0.0,74,TD,0.1158,0,no_mismatch
77221.16,77221.16,0.0,105,none,0.0173,1,duplicate_charge
53805.23,53805.23,0.0,16,none,0.0848,0,wrong_amount
34970.5,29530.47,15.5561,64,TD,0.0473,0,no_mismatch
33805.93,33805.93,0.0,85,none,0.1033,0,stuck_payment
11726.52,11726.52,0.0,44,TD,0.0439,0,no_mismatch
49127.74,49127.74,0.0,6,none,0.23,0,no_mismatch
81109.65,81109.65,0.0,91,none,0.1519,0,stuck_payment
9186.25,9186.25,0.0,117,none,0.148,0,stuck_payment
39479.07,39479.07,0.0,26,TD,0.0425,0,no_mismatch
29366.62,29366.62,0.0,52,none,0.0298,1,duplicate_charge
10521.42,10521.42,0.0,79,none,0.1294,0,stuck_payment
28790.67,28790.67,0.0,8,none,0.02,0,no_mismatch
30781.27,30781.27,0.0,116,none,0.0516,0,wrong_amount
4890.81,6309.33,29.0038,25,none,0.1391,0,wrong_amount
68448.12,68448.12,0.0,66,none,0.0528,0,stuck_payment
69948.39,69948.39,0.0,13,none,0.0546,0,no_mismatch
32099.02,32099.02,0.0,64,TD,0.1637,1,duplicate_charge
92216.43,92216.43,0.0,89,BD,0.0797,0,no_mismatch
65993.46,65993.46,0.0,43,none,0.2469,0,stuck_payment
37241.2,37241.2,0.0,6,TD,0.1537,0,no_mismatch
25892.71,25892.71,0.0,88,none,0.2173,0,stuck_payment
20567.14,20567.14,0.0,95,none,0.1082,1,duplicate_charge
82373.14,82373.14,0.0,108,none,0.206,0,stuck_payment
60052.95,60052.95,0.0,51,BD,0.1941,0,no_mismatch
68980.99,66613.08,3.4327,116,none,0.026,0,wrong_amount
16819.94,16819.94,0.0,88,none,0.1768,0,stuck_payment
28715.25,28715.25,0.0,34,BD,0.0387,0,no_mismatch
88414.25,88414.25,0.0,72,none,0.0582,0,wrong_amount
3665.95,3665.95,0.0,15,TD,0.2099,0,duplicate_charge
76277.89,76277.89,0.0,31,none,0.099,0,no_mismatch
44258.18,44258.18,0.0,85,none,0.194,0,stuck_payment
21122.09,21122.09,0.0,73,BD,0.0467,0,no_mismatch
25155.14,21667.83,13.8632,51,none,0.2372,0,wrong_amount
22601.04,22601.04,0.0,43,none,0.1153,0,stuck_payment
7031.35,7031.35,0.0,68,TD,0.0487,0,no_mismatch
31823.6,31200.85,1.9569,80,none,0.1838,0,wrong_amount
3939.16,3939.16,0.0,88,TD,0.1015,0,no_mismatch
81389.24,81389.24,0.0,16,none,0.1929,1,duplicate_charge
54603.7,68101.88,24.7203,120,none,0.1027,0,wrong_amount
38738.04,38738.04,0.0,31,none,0.157,0,no_mismatch
98798.95,98798.95,0.0,118,none,0.119,0,stuck_payment
22461.6,22461.6,0.0,94,TD,0.2422,0,wrong_amount
88205.56,88205.56,0.0,3,none,0.082,1,duplicate_charge
41096.11,41096.11,0.0,110,TD,0.1065,0,no_mismatch
35358.84,35358.84,0.0,54,none,0.1205,0,stuck_payment
95242.18,95242.18,0.0,44,none,0.1057,0,stuck_payment
20670.92,20670.92,0.0,25,none,0.2375,0,no_mismatch
78434.17,78434.17,0.0,60,none,0.1934,0,stuck_payment
64435.6,64435.6,0.0,19,none,0.1403,0,no_mismatch
90477.14,90477.14,0.0,112,none,0.0222,0,stuck_payment
55214.14,61580.24,11.5298,24,none,0.0157,0,wrong_amount
56782.55,40026.58,29.509,83,none,0.1976,0,duplicate_charge
41187.84,41187.84,0.0,112,none,0.193,0,stuck_payment
61074.77,61074.77,0.0,68,none,0.2202,0,duplicate_charge
78717.53,78511.83,0.2613,43,none,0.0852,0,wrong_amount
20380.41,19077.24,6.3942,47,none,0.0857,0,wrong_amount
44717.04,44717.04,0.0,23,TD,0.0344,0,no_mismatch
90091.62,101313.64,12.4562,21,none,0.1609,0,wrong_amount
28195.34,28195.34,0.0,32,none,0.1693,0,no_mismatch
44545.9,44545.9,0.0,18,none,0.1235,0,no_mismatch
76737.1,76737.1,0.0,105,none,0.1158,0,stuck_payment
44788.61,51396.79,14.7542,114,none,0.0304,0,wrong_amount
17805.82,17805.82,0.0,87,none,0.0459,0,stuck_payment
79117.66,79117.66,0.0,82,none,0.1807,0,stuck_payment
8398.96,8398.96,0.0,103,none,0.1592,0,stuck_payment
99171.01,99171.01,0.0,33,TD,0.0773,0,duplicate_charge
91600.91,91600.91,0.0,116,TD,0.1659,0,no_mismatch
26385.03,26385.03,0.0,44,BD,0.19,0,no_mismatch
45862.94,38277.58,16.5392,112,none,0.1598,0,wrong_amount
2019.29,2019.29,0.0,116,none,0.1032,0,stuck_payment
27101.34,27101.34,0.0,47,none,0.2149,0,stuck_payment
40778.78,40778.78,0.0,45,none,0.1426,0,stuck_payment
26740.59,26740.59,0.0,118,none,0.2033,0,stuck_payment
86161.77,86161.77,0.0,3,none,0.2035,0,no_mismatch
7534.02,7534.02,0.0,20,none,0.0669,1,duplicate_charge
7633.61,7633.61,0.0,95,none,0.2188,0,stuck_payment
15708.75,15708.75,0.0,112,none,0.1614,0,stuck_payment
66527.31,66527.31,0.0,8,none,0.0579,0,no_mismatch
8207.44,5864.84,28.5424,56,none,0.0659,1,duplicate_charge
8033.25,8033.25,0.0,68,TD,0.2062,0,no_mismatch
49580.51,49580.51,0.0,61,TD,0.1723,0,no_mismatch
6220.51,6207.73,0.2054,26,TD,0.2208,0,no_mismatch
19015.62,14670.31,22.8513,24,none,0.1915,0,wrong_amount
39527.33,39527.33,0.0,38,none,0.1316,0,no_mismatch
42709.68,42709.68,0.0,95,TD,0.0117,0,no_mismatch
68384.75,68384.75,0.0,21,BD,0.0251,0,no_mismatch
73318.13,73318.13,0.0,105,none,0.1718,0,stuck_payment
44648.61,44648.61,0.0,87,BD,0.1512,0,duplicate_charge
36211.83,36211.83,0.0,87,none,0.1466,0,stuck_payment
31974.49,31974.49,0.0,104,none,0.1299,0,stuck_payment
31416.12,31416.12,0.0,25,TD,0.0509,0,no_mismatch
41032.27,41032.27,0.0,42,none,0.2132,0,stuck_payment
46416.02,46416.02,0.0,58,TD,0.1871,0,no_mismatch
94968.45,94968.45,0.0,101,none,0.2475,0,stuck_payment
40001.88,30504.72,23.7418,20,none,0.0541,1,duplicate_charge
39190.04,35223.56,10.1211,64,none,0.0828,0,wrong_amount
54977.93,54977.93,0.0,63,none,0.1298,0,stuck_payment
85174.55,85174.55,0.0,86,BD,0.2407,1,duplicate_charge
32395.92,32395.92,0.0,38,BD,0.1345,0,stuck_payment
21718.74,21718.74,0.0,40,none,0.0913,0,no_mismatch
61886.17,61886.17,0.0,77,BD,0.0777,0,no_mismatch
80731.72,80731.72,0.0,48,none,0.1236,1,wrong_amount
37063.85,37063.85,0.0,42,none,0.2284,0,stuck_payment
63423.76,63423.76,0.0,61,none,0.1432,0,stuck_payment
33172.97,34439.06,3.8166,101,none,0.2431,0,wrong_amount
59324.19,59324.19,0.0,105,TD,0.1452,0,no_mismatch
31414.66,31414.66,0.0,50,none,0.1597,1,duplicate_charge
49144.95,49144.95,0.0,115,none,0.1847,1,duplicate_charge
39018.69,30005.78,23.099,47,none,0.0242,0,wrong_amount
63343.68,63343.68,0.0,106,none,0.1449,0,stuck_payment
95671.1,95671.1,0.0,41,none,0.1387,0,stuck_payment
64619.57,64619.57,0.0,77,none,0.0809,1,wrong_amount
88488.69,88488.69,0.0,65,TD,0.1998,0,no_mismatch
81876.79,75465.4,7.8305,38,BD,0.1664,0,no_mismatch
7963.1,7963.1,0.0,117,none,0.1172,0,stuck_payment
15782.14,15782.14,0.0,41,BD,0.0757,0,no_mismatch
70659.04,70659.04,0.0,21,none,0.0875,1,duplicate_charge
5337.11,5337.11,0.0,62,none,0.0857,0,stuck_payment
55057.7,55057.7,0.0,83,none,0.0527,0,stuck_payment
76077.1,76077.1,0.0,42,none,0.1464,0,stuck_payment
5680.33,5680.33,0.0,17,none,0.2325,0,no_mismatch
10315.1,8105.77,21.4184,97,none,0.0957,1,duplicate_charge
34422.95,30285.81,12.0186,68,none,0.1995,0,wrong_amount
54854.94,51443.47,6.2191,15,none,0.2185,0,wrong_amount
5745.77,5745.77,0.0,4,BD,0.2123,0,no_mismatch
4335.24,4335.24,0.0,30,none,0.2391,0,no_mismatch
32013.96,32013.96,0.0,82,none,0.0146,0,stuck_payment
49273.5,49273.5,0.0,90,none,0.0263,0,stuck_payment
3696.96,3696.96,0.0,63,BD,0.1784,0,no_mismatch
36875.01,36875.01,0.0,22,none,0.0465,1,duplicate_charge
62805.21,62805.21,0.0,35,none,0.1326,0,no_mismatch
20238.43,20238.43,0.0,43,TD,0.2255,0,no_mismatch
65081.22,65081.22,0.0,58,none,0.1663,0,stuck_payment
40628.51,40119.78,1.2522,96,none,0.0593,0,wrong_amount
73596.68,73596.68,0.0,89,none,0.2228,0,stuck_payment
36157.74,42949.81,18.7846,28,none,0.0844,0,wrong_amount
18173.82,18173.82,0.0,64,none,0.1033,0,stuck_payment
98424.53,98424.53,0.0,22,none,0.1252,0,no_mismatch
79520.82,79520.82,0.0,32,BD,0.0357,1,duplicate_charge
3216.87,3228.68,0.3671,120,BD,0.1168,0,no_mismatch
96124.72,85510.48,11.0422,55,none,0.0995,0,wrong_amount
65397.23,65397.23,0.0,5,none,0.0825,0,no_mismatch
93019.56,93019.56,0.0,103,none,0.0389,0,stuck_payment
95247.26,95247.26,0.0,113,none,0.1244,1,duplicate_charge
8700.92,8700.92,0.0,112,none,0.1768,0,stuck_payment
2353.64,2353.64,0.0,9,none,0.0468,1,duplicate_charge
67834.12,77957.31,14.9234,53,TD,0.0132,0,no_mismatch
65695.34,65695.34,0.0,113,TD,0.0776,0,no_mismatch
80213.91,73668.63,8.1598,31,none,0.2045,0,wrong_amount
4507.9,4507.9,0.0,110,none,0.2385,0,stuck_payment
23228.94,23228.94,0.0,7,TD,0.0312,0,no_mismatch
82089.35,82089.35,0.0,48,none,0.0991,0,no_mismatch
14655.0,14655.0,0.0,45,none,0.1493,0,stuck_payment
98352.93,98352.93,0.0,19,none,0.1904,0,no_mismatch
54272.63,54272.63,0.0,56,BD,0.0708,0,no_mismatch
92479.44,92479.44,0.0,58,none,0.2168,0,stuck_payment
4371.3,4371.3,0.0,111,none,0.0448,0,stuck_payment
63306.47,63306.47,0.0,109,none,0.0435,0,no_mismatch
20660.7,20660.7,0.0,11,none,0.2214,0,no_mismatch
54445.27,54445.27,0.0,74,BD,0.2343,0,no_mismatch
16553.72,16553.72,0.0,91,none,0.1274,0,stuck_payment
83663.23,83663.23,0.0,120,none,0.1677,0,stuck_payment
57744.24,57744.24,0.0,89,none,0.0355,0,stuck_payment
45420.04,45420.04,0.0,115,none,0.1819,0,stuck_payment
96931.12,96931.12,0.0,64,BD,0.0273,0,no_mismatch
24259.15,24259.15,0.0,106,TD,0.1632,0,no_mismatch
19181.56,17478.78,8.8772,24,none,0.1733,1,stuck_payment
45314.68,58159.74,28.3464,2,none,0.0821,0,wrong_amount
20924.0,20924.0,0.0,76,none,0.1625,0,no_mismatch
67943.83,67943.83,0.0,64,none,0.0174,0,stuck_payment
86131.37,86131.37,0.0,69,none,0.1114,0,stuck_payment
88075.51,88075.51,0.0,88,none,0.0166,1,duplicate_charge
48796.1,48796.1,0.0,61,TD,0.0321,0,no_mismatch
83079.94,83079.94,0.0,13,none,0.1898,0,no_mismatch
98401.62,107548.16,9.2951,28,none,0.0328,0,wrong_amount
59383.56,59383.56,0.0,4,none,0.1167,0,no_mismatch
46371.68,46371.68,0.0,50,none,0.1386,0,wrong_amount
25395.11,21457.85,15.504,116,none,0.2149,1,duplicate_charge
60151.92,60151.92,0.0,88,TD,0.211,0,no_mismatch
48676.12,37347.89,23.2727,99,none,0.0825,0,stuck_payment
86570.0,86570.0,0.0,64,TD,0.1167,0,no_mismatch
91174.35,87365.9,4.1771,57,none,0.2006,0,wrong_amount
70870.04,70870.04,0.0,48,none,0.0355,0,stuck_payment
27962.33,27962.33,0.0,55,BD,0.0309,0,no_mismatch
66503.76,66503.76,0.0,65,none,0.2276,0,no_mismatch
12188.99,10102.71,17.1161,58,none,0.141,0,no_mismatch
47840.19,47840.19,0.0,85,TD,0.1092,0,no_mismatch
23301.6,24233.7,4.0002,2,none,0.1324,1,duplicate_charge
52503.86,52503.86,0.0,68,BD,0.2213,0,no_mismatch
92081.09,92081.09,0.0,103,TD,0.1694,0,no_mismatch
21490.84,17924.85,16.5931,19,none,0.2159,0,wrong_amount
76075.75,76075.75,0.0,10,none,0.0693,0,no_mismatch
83993.12,83993.12,0.0,29,none,0.1075,0,no_mismatch
4386.6,4386.6,0.0,51,BD,0.1712,0,no_mismatch
39138.55,39138.55,0.0,111,TD,0.2278,0,no_mismatch
94943.85,94943.85,0.0,53,none,0.1913,0,stuck_payment
59937.99,59937.99,0.0,99,BD,0.154,0,no_mismatch
56212.5,56212.5,0.0,100,BD,0.1639,0,no_mismatch
39387.41,39387.41,0.0,104,none,0.092,0,stuck_payment
60569.06,60569.06,0.0,110,none,0.1327,0,stuck_payment
87128.79,87128.79,0.0,89,none,0.1737,0,stuck_payment
78603.02,86552.22,10.1131,44,none,0.1579,1,stuck_payment
62949.23,62949.23,0.0,112,TD,0.1332,0,no_mismatch
90590.5,90590.5,0.0,73,TD,0.2434,0,no_mismatch
33566.35,33566.35,0.0,36,TD,0.1117,0,no_mismatch
76854.57,76854.57,0.0,18,none,0.1752,0,no_mismatch
68629.37,68629.37,0.0,71,none,0.2015,0,stuck_payment
17424.22,17424.22,0.0,113,TD,0.0693,0,no_mismatch
63381.08,63381.08,0.0,114,none,0.1293,0,stuck_payment
48485.9,48485.9,0.0,73,none,0.0919,0,wrong_amount
7297.82,8122.87,11.3054,1,BD,0.2049,0,no_mismatch
49556.05,49556.05,0.0,71,none,0.0765,0,stuck_payment
19999.08,22565.78,12.8341,77,BD,0.1149,0,no_mismatch
14058.76,10852.6,22.8054,6,none,0.0766,0,wrong_amount
26914.59,26914.59,0.0,119,none,0.1116,1,duplicate_charge
66063.67,68273.04,3.3443,37,none,0.0653,0,wrong_amount
57104.65,57104.65,0.0,71,none,0.0667,1,duplicate_charge
58453.59,58453.59,0.0,22,none,0.208,0,no_mismatch
61668.03,61668.03,0.0,12,none,0.1574,0,no_mismatch
80974.08,86955.41,7.3867,29,TD,0.1563,0,no_mismatch
91770.79,91770.79,0.0,1,TD,0.084,0,no_mismatch
60011.66,60011.66,0.0,28,TD,0.2133,0,no_mismatch
44468.89,56317.09,26.6438,3,none,0.0752,0,wrong_amount
49202.83,49202.83,0.0,68,none,0.015,0,stuck_payment
38851.28,38851.28,0.0,27,none,0.1788,0,no_mismatch
69922.99,69922.99,0.0,101,none,0.0623,0,stuck_payment
27486.76,27486.76,0.0,116,TD,0.1541,0,no_mismatch
2525.17,2525.17,0.0,32,none,0.0255,0,wrong_amount
2285.74,2285.74,0.0,47,none,0.1278,0,wrong_amount
90927.88,83973.18,7.6486,35,none,0.2493,0,wrong_amount
16937.31,16937.31,0.0,83,none,0.1374,0,stuck_payment
3725.7,3725.7,0.0,7,none,0.0316,0,no_mismatch
9328.44,9328.44,0.0,7,TD,0.1361,0,no_mismatch
14988.03,13027.51,13.0806,30,none,0.05,1,duplicate_charge
87193.83,87193.83,0.0,74,none,0.1982,0,stuck_payment
94156.73,109634.81,16.4386,115,TD,0.0141,0,no_mismatch
60303.17,74284.74,23.1855,105,none,0.1381,0,duplicate_charge
55388.52,55388.52,0.0,23,TD,0.2337,0,no_mismatch
973.77,973.77,0.0,99,TD,0.2052,0,no_mismatch
89494.33,89494.33,0.0,22,BD,0.0474,0,no_mismatch
86182.66,86182.66,0.0,74,none,0.121,0,stuck_payment
71049.9,71049.9,0.0,21,none,0.1911,1,wrong_amount
37804.77,43031.13,13.8246,87,none,0.1421,0,wrong_amount
88890.39,88890.39,0.0,83,none,0.0949,0,stuck_payment
71863.75,71863.75,0.0,97,TD,0.2348,0,no_mismatch
85806.89,84868.49,1.0936,77,none,0.2121,0,wrong_amount
90426.1,90426.1,0.0,39,none,0.0855,0,no_mismatch
1702.55,1702.55,0.0,82,none,0.118,0,stuck_payment
75899.74,93973.81,23.8131,32,BD,0.2261,0,no_mismatch
25366.7,25366.7,0.0,92,none,0.2218,0,stuck_payment
41638.42,29799.83,28.4319,38,none,0.0941,0,wrong_amount
88715.95,88715.95,0.0,10,none,0.0951,0,wrong_amount
47763.1,47763.1,0.0,112,none,0.0263,0,stuck_payment
31103.14,31103.14,0.0,2,none,0.045,0,no_mismatch
27033.9,28808.33,6.5637,4,none,0.0902,0,wrong_amount
34757.88,34757.88,0.0,48,BD,0.1341,0,no_mismatch
43895.94,43895.94,0.0,98,none,0.1699,0,stuck_payment
74918.84,74918.84,0.0,20,none,0.1007,0,no_mismatch
44042.16,44042.16,0.0,35,BD,0.1929,0,no_mismatch
61725.75,61725.75,0.0,29,BD,0.0827,0,no_mismatch
19529.9,19529.9,0.0,54,none,0.222,0,stuck_payment
56861.86,56861.86,0.0,27,BD,0.0259,0,no_mismatch
26624.22,26624.22,0.0,9,TD,0.2296,0,no_mismatch
67293.92,80808.56,20.083,79,none,0.0993,0,wrong_amount
95656.72,95656.72,0.0,71,none,0.2055,0,stuck_payment
66527.66,66527.66,0.0,86,none,0.182,0,stuck_payment
27968.57,27968.57,0.0,115,TD,0.2056,0,no_mismatch
27291.63,27291.63,0.0,39,none,0.1838,0,no_mismatch
95214.84,95214.84,0.0,111,TD,0.2078,0,no_mismatch
84464.37,84464.37,0.0,32,none,0.0468,1,stuck_payment
54266.71,54266.71,0.0,96,none,0.146,0,stuck_payment
24325.17,24325.17,0.0,119,none,0.196,0,stuck_payment
5784.61,5784.61,0.0,56,TD,0.1236,1,duplicate_charge
93765.64,100396.08,7.0713,119,none,0.1512,0,wrong_amount
84960.06,84960.06,0.0,79,none,0.0907,0,stuck_payment
59385.26,59385.26,0.0,13,BD,0.2011,1,duplicate_charge
54083.01,54083.01,0.0,12,none,0.2005,0,no_mismatch
15273.58,13113.94,14.1397,18,TD,0.2125,0,no_mismatch
91816.55,91816.55,0.0,86,none,0.0197,0,duplicate_charge
33081.16,27296.2,17.4872,79,BD,0.2314,0,wrong_amount
89715.91,89715.91,0.0,63,BD,0.1524,0,no_mismatch
52656.14,52656.14,0.0,37,BD,0.121,0,no_mismatch
15823.66,15823.66,0.0,66,BD,0.1556,0,no_mismatch
3300.17,3300.17,0.0,86,TD,0.1234,0,no_mismatch
95175.29,95175.29,0.0,84,none,0.1063,0,stuck_payment
23589.0,23589.0,0.0,40,none,0.0605,0,no_mismatch
70353.14,69112.27,1.7638,19,BD,0.1177,0,no_mismatch
7436.87,7436.87,0.0,89,none,0.0674,0,stuck_payment
41047.07,41047.07,0.0,86,none,0.1425,0,stuck_payment
93749.88,93749.88,0.0,61,none,0.0974,0,stuck_payment
34574.06,43298.51,25.2341,50,TD,0.1294,0,no_mismatch
39809.21,39809.21,0.0,42,none,0.2058,0,stuck_payment
70767.72,70767.72,0.0,118,none,0.2184,0,stuck_payment
86930.5,80394.31,7.5189,63,none,0.0903,1,duplicate_charge
14120.06,14120.06,0.0,64,none,0.2278,0,stuck_payment
41845.23,41845.23,0.0,81,none,0.0923,0,duplicate_charge
33784.26,25963.98,23.1477,28,BD,0.1733,0,no_mismatch
74430.84,74430.84,0.0,51,none,0.2485,0,stuck_payment
61261.23,61261.23,0.0,94,none,0.1192,0,stuck_payment
54757.61,54757.61,0.0,97,none,0.0783,1,wrong_amount
58973.09,58973.09,0.0,9,none,0.2208,0,no_mismatch
91419.11,91419.11,0.0,30,none,0.2104,0,no_mismatch
26543.58,26543.58,0.0,110,BD,0.0651,0,no_mismatch
25488.78,25488.78,0.0,68,TD,0.0632,0,no_mismatch
23974.1,23629.62,1.4369,103,none,0.1385,0,wrong_amount
93997.7,118490.23,26.0565,99,none,0.0223,0,wrong_amount
21420.11,21420.11,0.0,37,none,0.2153,0,no_mismatch
38963.75,38963.75,0.0,23,none,0.0581,0,no_mismatch
8059.72,8059.72,0.0,62,BD,0.0412,0,no_mismatch
25893.5,25893.5,0.0,86,TD,0.0488,0,no_mismatch
72943.26,72943.26,0.0,98,none,0.0843,0,stuck_payment
54913.2,38722.35,29.4844,110,none,0.2389,1,duplicate_charge
77056.91,77056.91,0.0,35,none,0.0372,0,no_mismatch
12231.76,12231.76,0.0,100,none,0.1326,0,stuck_payment
61475.16,61475.16,0.0,46,none,0.0948,0,stuck_payment
19011.09,19011.09,0.0,93,BD,0.2293,0,no_mismatch
79351.65,77840.66,1.9042,44,TD,0.2057,0,no_mismatch
47921.17,47921.17,0.0,81,none,0.0916,0,no_mismatch
75699.96,87337.49,15.3732,28,TD,0.1591,0,no_mismatch
58676.81,58676.81,0.0,96,TD,0.1677,0,no_mismatch
49488.08,49488.08,0.0,50,none,0.0985,0,no_mismatch
3734.31,3094.26,17.1397,86,none,0.1657,0,wrong_amount
83768.16,83768.16,0.0,111,none,0.0422,1,duplicate_charge
52099.37,52099.37,0.0,76,BD,0.1286,0,no_mismatch
72617.78,72617.78,0.0,80,none,0.1987,0,stuck_payment
24679.15,24679.15,0.0,55,TD,0.2161,1,duplicate_charge
30090.49,30090.49,0.0,18,none,0.2058,0,no_mismatch
28138.74,28138.74,0.0,10,none,0.0973,0,no_mismatch
73888.98,73888.98,0.0,4,none,0.0887,0,no_mismatch
86963.54,86963.54,0.0,78,none,0.034,0,stuck_payment
97466.45,97466.45,0.0,41,none,0.0538,0,stuck_payment
80057.12,80057.12,0.0,36,none,0.1926,0,no_mismatch
91306.02,110831.57,21.3847,117,none,0.0814,0,wrong_amount
75254.96,95999.18,27.5653,12,none,0.0746,1,duplicate_charge
6967.88,6967.88,0.0,76,BD,0.2239,1,duplicate_charge
80969.11,80969.11,0.0,14,TD,0.1518,0,no_mismatch
79431.3,75418.08,5.0524,81,none,0.1229,0,duplicate_charge
12753.48,12753.48,0.0,106,none,0.1323,0,stuck_payment
628.12,628.12,0.0,35,none,0.1852,0,no_mismatch
49316.02,49316.02,0.0,56,TD,0.1701,0,no_mismatch
52825.34,52825.34,0.0,52,none,0.1088,0,stuck_payment
27009.09,27009.09,0.0,114,BD,0.1109,0,no_mismatch
49817.96,49817.96,0.0,52,none,0.1892,0,stuck_payment
57703.94,57703.94,0.0,75,BD,0.171,0,duplicate_charge
4116.6,4116.6,0.0,96,BD,0.0273,0,no_mismatch
96525.47,96525.47,0.0,15,none,0.1664,0,no_mismatch
83014.07,80349.58,3.2097,58,BD,0.1838,0,no_mismatch
86893.23,86893.23,0.0,53,none,0.1345,0,stuck_payment
66345.66,66345.66,0.0,19,TD,0.0948,0,no_mismatch
85825.55,85825.55,0.0,63,none,0.0757,1,stuck_payment
405.43,405.43,0.0,8,none,0.2101,0,no_mismatch
52475.77,52475.77,0.0,15,none,0.0438,0,no_mismatch
42672.61,32614.1,23.5713,76,none,0.0828,0,wrong_amount
20172.31,20172.31,0.0,108,none,0.1037,0,stuck_payment
22134.51,22134.51,0.0,3,none,0.1649,0,no_mismatch
98650.66,98650.66,0.0,83,none,0.0364,0,stuck_payment
52250.62,52250.62,0.0,35,none,0.134,0,no_mismatch
40431.1,28821.42,28.7147,31,none,0.0705,0,stuck_payment
95772.13,95772.13,0.0,110,none,0.2018,0,wrong_amount
18376.43,18376.43,0.0,68,BD,0.2401,0,stuck_payment
68994.81,68994.81,0.0,73,none,0.1254,0,stuck_payment
73288.63,73288.63,0.0,55,TD,0.2031,0,no_mismatch
62921.82,62921.82,0.0,78,none,0.0957,0,stuck_payment
62499.46,62499.46,0.0,42,BD,0.0907,0,no_mismatch
24192.6,24192.6,0.0,30,none,0.145,0,no_mismatch
10408.92,10408.92,0.0,30,none,0.0205,0,no_mismatch
53544.57,53544.57,0.0,14,none,0.2442,0,no_mismatch
13658.55,13658.55,0.0,28,none,0.0188,1,duplicate_charge
58791.21,63737.64,8.4136,115,TD,0.0918,0,no_mismatch
11966.03,11966.03,0.0,102,none,0.1891,0,stuck_payment
24196.88,24196.88,0.0,36,none,0.1678,0,no_mismatch
735.02,735.02,0.0,105,none,0.201,0,stuck_payment
10099.35,10099.35,0.0,30,none,0.0766,0,no_mismatch
34960.99,34960.99,0.0,58,none,0.0494,0,stuck_payment
98072.42,98072.42,0.0,86,TD,0.0513,0,no_mismatch
73773.75,73773.75,0.0,26,none,0.0574,0,no_mismatch
6221.39,6221.39,0.0,80,BD,0.0383,0,no_mismatch
20495.94,20495.94,0.0,113,none,0.2103,0,stuck_payment
68822.92,68822.92,0.0,21,none,0.0118,0,no_mismatch
53349.66,53349.66,0.0,115,none,0.0304,0,stuck_payment
7413.98,7413.98,0.0,56,TD,0.205,0,no_mismatch
52074.16,52074.16,0.0,87,none,0.2262,0,duplicate_charge
96192.92,96192.92,0.0,43,none,0.0478,0,stuck_payment
53331.49,53331.49,0.0,58,none,0.1566,0,stuck_payment
27989.62,27989.62,0.0,28,none,0.2016,0,no_mismatch
19707.34,19707.34,0.0,99,none,0.2325,0,stuck_payment
11623.22,11623.22,0.0,116,BD,0.1869,0,no_mismatch
85731.86,85731.86,0.0,51,none,0.1494,0,stuck_payment
13608.29,13608.29,0.0,69,none,0.2017,0,stuck_payment
5170.74,5170.74,0.0,70,none,0.068,0,stuck_payment
33977.28,33977.28,0.0,34,TD,0.1417,0,no_mismatch
4497.45,4497.45,0.0,108,TD,0.2027,0,no_mismatch
63661.31,63661.31,0.0,80,none,0.1113,0,stuck_payment
8107.67,8107.67,0.0,59,TD,0.0763,0,duplicate_charge
3093.02,3093.02,0.0,100,BD,0.1696,1,duplicate_charge
80978.79,73143.5,9.6757,11,none,0.1254,0,wrong_amount
43954.01,43954.01,0.0,83,none,0.199,0,stuck_payment
60526.59,60526.59,0.0,46,none,0.1713,0,duplicate_charge
50451.61,50451.61,0.0,38,TD,0.0304,0,no_mismatch
60074.79,60074.79,0.0,62,TD,0.1353,0,no_mismatch
15142.67,15142.67,0.0,37,none,0.1992,0,duplicate_charge
46940.55,46940.55,0.0,60,BD,0.1538,1,duplicate_charge
26202.4,26202.4,0.0,45,none,0.0313,0,stuck_payment
27580.42,24454.49,11.3339,31,none,0.2014,0,wrong_amount
99067.69,99067.69,0.0,7,none,0.2072,0,no_mismatch
37595.02,45651.41,21.4294,7,none,0.0677,0,wrong_amount
61459.46,61459.46,0.0,46,none,0.0141,0,stuck_payment
63660.87,63660.87,0.0,119,none,0.0402,1,duplicate_charge
80219.17,80219.17,0.0,111,none,0.2104,0,stuck_payment
55623.76,55623.76,0.0,1,TD,0.186,0,no_mismatch
64413.36,64413.36,0.0,61,none,0.2334,0,stuck_payment
37870.98,37870.98,0.0,68,none,0.1059,0,stuck_payment
67332.68,75414.87,12.0034,93,TD,0.1471,0,no_mismatch
73082.12,73082.12,0.0,21,BD,0.2211,0,no_mismatch
13137.99,13137.99,0.0,109,none,0.0613,0,stuck_payment
77851.65,98251.5,26.2035,38,none,0.1616,0,wrong_amount
94619.56,94619.56,0.0,38,none,0.0202,0,no_mismatch
22985.0,22985.0,0.0,44,none,0.0549,0,stuck_payment
86560.26,86560.26,0.0,86,BD,0.1005,0,stuck_payment
28050.79,28050.79,0.0,74,none,0.1373,0,stuck_payment
2346.95,2346.95,0.0,14,none,0.1435,0,duplicate_charge
17927.62,17927.62,0.0,43,none,0.0422,0,stuck_payment
69749.34,69749.34,0.0,44,BD,0.1748,1,duplicate_charge
85311.24,85311.24,0.0,118,TD,0.2427,0,no_mismatch
19513.46,19513.46,0.0,76,none,0.1801,0,stuck_payment
22265.69,21582.29,3.0693,92,none,0.1363,0,wrong_amount
78758.57,78758.57,0.0,78,none,0.0679,1,duplicate_charge
67910.42,67910.42,0.0,18,none,0.0875,0,wrong_amount
88250.04,88250.04,0.0,93,BD,0.0301,0,no_mismatch
76159.22,76159.22,0.0,42,none,0.0329,0,stuck_payment
85852.01,85852.01,0.0,93,none,0.224,1,duplicate_charge
18564.4,18564.4,0.0,104,BD,0.0356,0,no_mismatch
11290.26,9267.11,17.9194,32,none,0.0901,0,wrong_amount
49785.43,49785.43,0.0,106,none,0.0387,0,stuck_payment
41609.54,33856.58,18.6327,51,none,0.2001,0,wrong_amount
5888.71,5888.71,0.0,10,none,0.219,0,no_mismatch
57545.32,52499.44,8.7685,51,none,0.0923,1,duplicate_charge
14015.44,14015.44,0.0,25,TD,0.1835,0,stuck_payment
60696.18,60696.18,0.0,10,TD,0.076,0,no_mismatch
7766.79,7766.79,0.0,5,none,0.2157,0,no_mismatch
52016.06,52016.06,0.0,96,BD,0.098,1,duplicate_charge
79224.02,79224.02,0.0,120,none,0.1145,0,stuck_payment
4731.2,4731.2,0.0,15,none,0.1124,0,no_mismatch
93890.64,93890.64,0.0,112,none,0.1349,0,stuck_payment
39119.91,39119.91,0.0,12,none,0.1931,0,no_mismatch
68522.32,49192.61,28.2094,13,none,0.1942,0,wrong_amount
34119.29,29719.45,12.8955,56,none,0.1265,0,wrong_amount
42504.91,42504.91,0.0,116,BD,0.0606,0,no_mismatch
26451.93,26451.93,0.0,6,BD,0.083,0,no_mismatch
79401.76,79401.76,0.0,100,TD,0.0816,0,no_mismatch
66743.97,66743.97,0.0,115,none,0.1078,0,stuck_payment
64549.04,64549.04,0.0,16,BD,0.1701,0,no_mismatch
69427.32,69427.32,0.0,7,none,0.2484,0,no_mismatch
6577.51,6577.51,0.0,74,TD,0.0138,0,no_mismatch
99190.22,99190.22,0.0,22,none,0.1535,0,no_mismatch
94264.84,94264.84,0.0,80,none,0.1002,0,stuck_payment
29711.53,29711.53,0.0,78,none,0.189,0,stuck_payment
76132.33,76132.33,0.0,12,none,0.0809,0,no_mismatch
36681.43,36681.43,0.0,73,TD,0.0893,0,no_mismatch
2225.21,2225.21,0.0,40,none,0.2002,0,no_mismatch
95333.52,95333.52,0.0,14,TD,0.1973,0,no_mismatch
29513.72,38094.36,29.0734,73,none,0.235,0,wrong_amount
69997.79,69997.79,0.0,61,TD,0.1637,0,no_mismatch
41828.6,41828.6,0.0,83,none,0.1898,0,stuck_payment
94308.85,94308.85,0.0,67,none,0.0882,0,stuck_payment
90795.22,90795.22,0.0,116,none,0.0432,0,wrong_amount
75725.52,75725.52,0.0,37,none,0.2253,0,no_mismatch
88739.54,92532.85,4.2747,44,BD,0.2031,0,no_mismatch
40682.47,40682.47,0.0,70,none,0.1142,0,stuck_payment
78381.72,78381.72,0.0,49,none,0.1613,0,wrong_amount
21741.55,21741.55,0.0,104,none,0.1713,0,stuck_payment
14657.18,16981.57,15.8584,119,none,0.0705,0,wrong_amount
26778.0,26778.0,0.0,31,none,0.1956,0,no_mismatch
27262.96,27262.96,0.0,110,BD,0.2402,0,no_mismatch
22451.09,28191.14,25.5669,77,none,0.2225,1,duplicate_charge
5609.58,5609.58,0.0,98,none,0.0585,1,duplicate_charge
19413.96,19413.96,0.0,106,none,0.2151,1,duplicate_charge
6715.62,6715.62,0.0,79,none,0.0292,0,stuck_payment
7408.96,7408.96,0.0,7,none,0.1957,0,no_mismatch
52228.59,52228.59,0.0,57,none,0.1605,1,duplicate_charge
36899.27,36899.27,0.0,35,BD,0.1289,0,no_mismatch
28221.95,34270.05,21.4305,114,BD,0.1068,0,wrong_amount
67172.2,67172.2,0.0,45,BD,0.2017,0,no_mismatch
49260.2,49260.2,0.0,61,none,0.2315,0,stuck_payment
56585.59,56585.59,0.0,9,none,0.0733,0,duplicate_charge
52445.75,52445.75,0.0,9,none,0.0576,0,wrong_amount
9009.77,11527.31,27.9423,92,none,0.0586,0,wrong_amount
40191.1,40191.1,0.0,119,BD,0.0126,0,no_mismatch
89921.48,87178.25,3.0507,1,none,0.0625,0,stuck_payment
82534.22,82534.22,0.0,41,BD,0.129,0,no_mismatch
34562.03,32298.26,6.5499,115,none,0.0812,0,wrong_amount
5013.5,5013.5,0.0,111,none,0.0215,0,stuck_payment
29472.25,36700.16,24.5245,36,TD,0.0227,0,no_mismatch
68236.67,68236.67,0.0,51,none,0.036,0,stuck_payment
46374.19,46374.19,0.0,86,none,0.2296,1,duplicate_charge
83412.39,83412.39,0.0,113,none,0.207,0,stuck_payment
18320.96,18320.96,0.0,34,none,0.2437,0,no_mismatch
54657.89,54657.89,0.0,63,none,0.1748,0,stuck_payment
75812.06,75812.06,0.0,30,none,0.1394,0,no_mismatch
84822.8,102165.95,20.4463,53,BD,0.0649,0,no_mismatch
95980.76,118601.94,23.5685,52,none,0.2487,0,wrong_amount
70041.14,70041.14,0.0,64,TD,0.1072,0,no_mismatch
14739.76,14739.76,0.0,47,none,0.1003,0,stuck_payment
65925.16,70354.29,6.7184,42,none,0.0307,0,stuck_payment
87357.73,87357.73,0.0,100,none,0.2473,0,stuck_payment
68706.07,68706.07,0.0,20,none,0.1355,0,no_mismatch
17504.05,17504.05,0.0,18,none,0.1055,0,no_mismatch
59457.7,69993.41,17.7197,31,none,0.1562,0,wrong_amount
54717.94,52117.94,4.7516,109,none,0.0181,0,wrong_amount
72990.72,72990.72,0.0,70,none,0.1826,0,no_mismatch
25152.05,25152.05,0.0,83,BD,0.2218,0,stuck_payment
73568.93,73568.93,0.0,81,BD,0.0302,0,no_mismatch
62643.98,62643.98,0.0,104,none,0.0186,0,stuck_payment
9257.4,9257.4,0.0,31,none,0.1064,0,no_mismatch
19679.28,19679.28,0.0,85,TD,0.2341,0,no_mismatch
38106.78,45126.71,18.4217,64,none,0.1282,0,duplicate_charge
85716.67,85716.67,0.0,56,none,0.1824,0,stuck_payment
83425.4,83425.4,0.0,74,TD,0.2486,1,duplicate_charge
64366.24,64366.24,0.0,68,BD,0.1645,0,no_mismatch
79261.28,79261.28,0.0,90,TD,0.0172,0,no_mismatch
36099.69,36099.69,0.0,49,none,0.0897,0,stuck_payment
3927.75,3927.75,0.0,22,TD,0.14,0,no_mismatch
34328.89,34328.89,0.0,33,TD,0.1357,0,no_mismatch
39467.29,49253.0,24.7945,24,none,0.1621,0,wrong_amount
53317.04,53317.04,0.0,35,none,0.2093,0,duplicate_charge
94066.46,94066.46,0.0,116,none,0.2343,0,stuck_payment
16525.71,19899.9,20.4178,24,none,0.0911,0,wrong_amount
48381.95,48381.95,0.0,44,none,0.2425,0,stuck_payment
94611.87,94611.87,0.0,89,TD,0.1371,0,no_mismatch
37068.18,37068.18,0.0,65,BD,0.1805,0,wrong_amount
2663.36,2663.36,0.0,67,TD,0.1027,0,no_mismatch
32505.2,32505.2,0.0,97,none,0.1732,0,stuck_payment
22498.25,18258.35,18.8455,113,none,0.133,0,wrong_amount
92639.23,106013.63,14.4371,22,BD,0.1352,0,no_mismatch
58239.5,58239.5,0.0,5,BD,0.0974,0,no_mismatch
8911.9,8911.9,0.0,14,none,0.0887,0,no_mismatch
72920.35,72920.35,0.0,114,TD,0.1107,0,no_mismatch
95067.21,117849.42,23.9643,109,none,0.0139,0,wrong_amount
95277.79,70574.25,25.9279,37,none,0.2002,1,duplicate_charge
35450.56,35450.56,0.0,79,none,0.2494,0,stuck_payment
52419.73,52419.73,0.0,78,none,0.0416,0,stuck_payment
27241.03,34144.35,25.3416,52,TD,0.0428,0,no_mismatch
80928.88,80928.88,0.0,55,none,0.2393,0,stuck_payment
58398.36,58398.36,0.0,97,none,0.1161,0,stuck_payment
16842.23,16842.23,0.0,44,none,0.246,0,no_mismatch
28033.41,28033.41,0.0,94,none,0.2415,0,stuck_payment
31801.0,31801.0,0.0,79,TD,0.1305,0,no_mismatch
61476.81,63008.09,2.4908,43,BD,0.2338,1,duplicate_charge
4036.28,3664.04,9.2224,76,none,0.0657,0,wrong_amount
13199.68,13199.68,0.0,114,none,0.0378,0,stuck_payment
31805.95,31805.95,0.0,42,none,0.0181,0,stuck_payment
63337.21,63337.21,0.0,24,none,0.0781,0,wrong_amount
52028.92,52028.92,0.0,50,none,0.2488,0,stuck_payment
50008.49,50008.49,0.0,120,TD,0.1178,0,no_mismatch
44162.28,44162.28,0.0,83,none,0.1893,0,stuck_payment
84611.73,84611.73,0.0,91,TD,0.0985,0,no_mismatch
95873.29,95873.29,0.0,104,none,0.1798,0,stuck_payment
10675.53,7996.86,25.0917,26,none,0.2209,0,wrong_amount
62728.51,62728.51,0.0,8,none,0.0119,1,duplicate_charge
24550.37,24550.37,0.0,21,TD,0.1427,0,no_mismatch
53298.06,53298.06,0.0,52,none,0.0309,0,stuck_payment
78713.6,78713.6,0.0,62,none,0.0725,0,duplicate_charge
56247.93,56247.93,0.0,18,none,0.2171,0,no_mismatch
32610.88,32610.88,0.0,66,none,0.2152,0,stuck_payment
38303.04,38303.04,0.0,31,none,0.1042,0,no_mismatch
18247.09,18247.09,0.0,16,none,0.0521,0,no_mismatch
21585.35,21585.35,0.0,92,none,0.2322,0,stuck_payment
96665.36,96665.36,0.0,119,BD,0.0536,0,no_mismatch
95523.76,95523.76,0.0,28,none,0.2216,0,duplicate_charge
73307.23,73307.23,0.0,85,none,0.0281,0,stuck_payment
55358.33,70250.49,26.9014,84,none,0.2414,0,wrong_amount
85584.33,85584.33,0.0,41,none,0.0839,0,stuck_payment
48961.41,48961.41,0.0,95,none,0.1283,0,stuck_payment
39368.87,39368.87,0.0,3,none,0.0726,0,no_mismatch
81095.27,81095.27,0.0,79,none,0.038,0,stuck_payment
60400.38,60400.38,0.0,75,none,0.0548,0,stuck_payment
7081.26,7605.65,7.4053,98,none,0.1294,0,stuck_payment
49083.72,49083.72,0.0,42,BD,0.2383,0,no_mismatch
51942.6,51504.09,0.8442,18,none,0.1053,0,wrong_amount
86311.52,86311.52,0.0,23,BD,0.0207,0,stuck_payment
48945.65,48945.65,0.0,88,none,0.1345,0,stuck_payment
56935.24,56935.24,0.0,27,none,0.1833,0,no_mismatch
66768.06,66768.06,0.0,31,none,0.1046,1,duplicate_charge
83801.66,83801.66,0.0,105,none,0.0585,0,stuck_payment
30280.14,30280.14,0.0,83,BD,0.1474,0,no_mismatch
32141.34,32141.34,0.0,45,none,0.0491,0,stuck_payment
72822.98,72822.98,0.0,112,BD,0.1969,0,no_mismatch
16831.26,16831.26,0.0,76,none,0.1694,1,duplicate_charge
19964.07,19964.07,0.0,112,none,0.0563,0,wrong_amount
19713.63,22172.02,12.4705,11,TD,0.1524,1,duplicate_charge
96744.72,95338.56,1.4535,94,TD,0.0597,0,no_mismatch
68709.92,68709.92,0.0,59,none,0.1906,0,stuck_payment
11605.08,11605.08,0.0,87,BD,0.0371,0,no_mismatch
13037.3,12563.34,3.6354,58,BD,0.0923,0,no_mismatch
52962.61,52962.61,0.0,32,TD,0.1595,0,no_mismatch
3798.6,3798.6,0.0,56,none,0.06,1,duplicate_charge
17965.89,17965.89,0.0,86,none,0.1964,0,stuck_payment
76459.57,76459.57,0.0,13,BD,0.0155,0,duplicate_charge
39538.89,39538.89,0.0,119,none,0.0121,0,stuck_payment
98200.19,89752.9,8.6021,3,none,0.1519,0,wrong_amount
36736.05,36736.05,0.0,93,none,0.1998,0,stuck_payment
73624.73,94181.58,27.9211,17,none,0.15,0,wrong_amount
77658.66,77658.66,0.0,59,BD,0.0761,0,no_mismatch
35965.71,35965.71,0.0,47,none,0.193,0,stuck_payment
84649.58,84649.58,0.0,10,none,0.1968,1,duplicate_charge
99010.99,99010.99,0.0,55,BD,0.1574,0,no_mismatch
55797.09,55797.09,0.0,22,none,0.0248,0,duplicate_charge
96403.0,96403.0,0.0,111,none,0.109,0,stuck_payment
86015.09,86015.09,0.0,116,BD,0.0867,0,no_mismatch
15943.98,15943.98,0.0,81,none,0.0632,0,stuck_payment
28617.03,28617.03,0.0,16,BD,0.0972,0,no_mismatch
95663.25,95663.25,0.0,99,none,0.0985,0,stuck_payment
30895.11,34999.89,13.2862,48,TD,0.2124,0,no_mismatch
25202.99,25202.99,0.0,18,none,0.0703,0,no_mismatch
11144.97,11144.97,0.0,99,BD,0.1981,0,no_mismatch
20801.22,20801.22,0.0,95,none,0.1429,0,stuck_payment
39923.97,39923.97,0.0,12,none,0.1117,1,duplicate_charge
1411.59,1719.63,21.8222,58,BD,0.1523,0,duplicate_charge
10907.34,10907.34,0.0,8,none,0.0569,1,duplicate_charge
45351.02,45351.02,0.0,60,none,0.0897,0,stuck_payment
81318.42,81318.42,0.0,68,none,0.1281,0,stuck_payment
40121.65,37755.03,5.8986,73,none,0.0937,0,wrong_amount
67668.98,67668.98,0.0,91,none,0.0709,1,duplicate_charge
12137.59,11412.3,5.9756,78,none,0.2074,0,wrong_amount
44003.68,44003.68,0.0,56,none,0.1148,0,stuck_payment
35388.05,32833.53,7.2186,90,none,0.0146,1,duplicate_charge
26673.84,26673.84,0.0,13,none,0.0893,0,no_mismatch
75534.1,75534.1,0.0,7,none,0.1266,0,no_mismatch
91401.55,111940.35,22.471,75,TD,0.1944,0,no_mismatch
82072.69,82072.69,0.0,90,none,0.1615,0,stuck_payment
402.39,402.39,0.0,91,BD,0.1983,1,duplicate_charge
61094.78,61094.78,0.0,104,none,0.1652,0,stuck_payment
49740.89,49740.89,0.0,101,none,0.2475,0,stuck_payment
64837.89,53355.0,17.7102,105,none,0.1547,0,wrong_amount
10295.34,10295.34,0.0,13,BD,0.1264,0,no_mismatch
48553.64,48553.64,0.0,32,TD,0.0518,0,no_mismatch
18383.23,18383.23,0.0,66,none,0.1528,0,stuck_payment
91205.77,91205.77,0.0,58,none,0.0261,0,wrong_amount
26484.96,26484.96,0.0,109,none,0.1685,1,duplicate_charge
46780.12,46780.12,0.0,105,none,0.2126,0,stuck_payment
41133.12,41133.12,0.0,85,none,0.0166,0,stuck_payment
62814.23,45272.24,27.9268,31,none,0.1784,0,wrong_amount
51344.23,51344.23,0.0,100,none,0.2262,0,wrong_amount
8441.73,8441.73,0.0,3,none,0.139,0,duplicate_charge
96461.76,96461.76,0.0,66,BD,0.2069,1,duplicate_charge
54707.15,54707.15,0.0,34,none,0.0432,0,no_mismatch
45184.01,45184.01,0.0,46,none,0.187,0,duplicate_charge
98287.31,98287.31,0.0,48,none,0.0128,0,stuck_payment
81205.84,81205.84,0.0,6,none,0.0868,0,no_mismatch
82898.18,78199.17,5.6684,39,none,0.032,0,wrong_amount
8494.85,10765.61,26.731,102,TD,0.1709,0,no_mismatch
50518.2,50518.2,0.0,97,none,0.2364,0,no_mismatch
84808.44,84808.44,0.0,7,TD,0.1513,0,no_mismatch
11879.61,11879.61,0.0,12,none,0.1116,0,no_mismatch
4497.72,4497.72,0.0,83,TD,0.127,0,no_mismatch
80867.14,80867.14,0.0,29,none,0.1006,0,no_mismatch
93107.92,93107.92,0.0,110,none,0.1708,0,wrong_amount
29355.7,34681.93,18.1438,90,none,0.2104,0,wrong_amount
54725.16,54725.16,0.0,120,none,0.0161,0,stuck_payment
31308.13,31418.21,0.3516,14,none,0.0484,0,wrong_amount
58041.74,58041.74,0.0,81,none,0.1402,0,stuck_payment
50303.03,50303.03,0.0,102,none,0.0738,0,stuck_payment
69699.11,69699.11,0.0,6,none,0.043,0,stuck_payment
48004.41,48004.41,0.0,97,none,0.1545,1,duplicate_charge
2303.28,2303.28,0.0,12,TD,0.0615,0,no_mismatch
58691.14,58691.14,0.0,93,TD,0.1687,0,no_mismatch
64045.69,48275.89,24.6227,92,none,0.0658,0,wrong_amount
40822.49,38536.67,5.5994,6,none,0.0871,0,wrong_amount
40120.77,40120.77,0.0,90,BD,0.0497,0,no_mismatch
27913.82,27913.82,0.0,19,TD,0.1579,0,no_mismatch
65063.55,65063.55,0.0,90,TD,0.0168,0,no_mismatch
40266.27,49394.14,22.6688,115,none,0.1894,0,wrong_amount
12765.05,12765.05,0.0,69,none,0.1412,1,duplicate_charge
54150.08,54150.08,0.0,1,none,0.1208,0,no_mismatch
9780.12,8984.65,8.1335,101,TD,0.0883,0,no_mismatch
39512.51,39512.51,0.0,34,none,0.158,0,no_mismatch
80496.16,80496.16,0.0,75,none,0.1585,0,stuck_payment
93037.95,93037.95,0.0,40,none,0.218,0,no_mismatch
58876.38,58876.38,0.0,103,none,0.0366,0,stuck_payment
72265.92,72265.92,0.0,8,none,0.1975,0,no_mismatch
24715.01,24715.01,0.0,114,none,0.0943,1,duplicate_charge
7952.77,7952.77,0.0,8,TD,0.153,0,no_mismatch
55568.41,55568.41,0.0,54,none,0.1086,0,stuck_payment
12663.73,12663.73,0.0,34,none,0.1539,0,no_mismatch
867.07,1038.07,19.7216,104,BD,0.1373,0,no_mismatch
17974.86,17974.86,0.0,49,none,0.1738,0,stuck_payment
90312.66,90312.66,0.0,79,none,0.1294,1,duplicate_charge
78938.87,78938.87,0.0,2,none,0.2335,0,no_mismatch
86531.32,86531.32,0.0,57,none,0.2242,0,stuck_payment
78273.43,78273.43,0.0,41,none,0.0561,0,stuck_payment
60900.21,60900.21,0.0,32,none,0.0987,0,no_mismatch
87600.98,87600.98,0.0,110,none,0.1949,0,wrong_amount
28990.13,34492.45,18.98,30,none,0.0122,0,wrong_amount
42607.01,42607.01,0.0,16,TD,0.0806,0,no_mismatch
79839.37,79839.37,0.0,113,none,0.1676,0,wrong_amount
13520.22,13520.22,0.0,9,none,0.0349,0,no_mismatch
70943.18,78871.91,11.1762,69,none,0.1635,0,wrong_amount
711.32,711.32,0.0,69,BD,0.1239,0,no_mismatch
39668.49,39668.49,0.0,72,BD,0.2199,0,no_mismatch
59592.89,59592.89,0.0,57,none,0.2253,0,stuck_payment
27392.39,33295.28,21.5494,110,TD,0.2049,1,duplicate_charge
73071.64,73071.64,0.0,7,TD,0.0703,0,no_mismatch
88461.34,88461.34,0.0,56,none,0.1513,0,stuck_payment
75280.64,62766.12,16.6238,48,none,0.2375,0,wrong_amount
12878.88,12878.88,0.0,89,none,0.1308,0,stuck_payment
36266.71,36266.71,0.0,35,BD,0.1722,0,no_mismatch
30619.76,30619.76,0.0,84,none,0.1875,0,stuck_payment
84566.44,81015.22,4.1993,20,none,0.2463,0,wrong_amount
53772.96,53772.96,0.0,94,none,0.1737,0,wrong_amount
81578.33,92307.79,13.1523,98,TD,0.1695,0,no_mismatch
67883.97,64426.74,5.0929,112,none,0.1393,0,wrong_amount
81982.81,81982.81,0.0,46,none,0.1672,1,duplicate_charge
84694.81,84694.81,0.0,50,none,0.2084,0,stuck_payment
71504.34,63210.37,11.5993,42,none,0.1307,0,duplicate_charge
62450.48,62450.48,0.0,109,TD,0.0833,1,duplicate_charge
92091.17,92091.17,0.0,82,none,0.1335,0,stuck_payment
39694.27,39694.27,0.0,37,none,0.0261,0,no_mismatch
98890.97,98890.97,0.0,33,none,0.2393,0,no_mismatch
42807.0,42807.0,0.0,27,none,0.221,0,no_mismatch
47563.63,47563.63,0.0,58,none,0.1426,1,duplicate_charge
68655.42,68655.42,0.0,103,none,0.0869,0,duplicate_charge
12420.95,12420.95,0.0,65,none,0.0713,0,stuck_payment
38661.06,38661.06,0.0,75,none,0.1507,0,stuck_payment
15584.86,15584.86,0.0,89,none,0.0835,0,stuck_payment
48175.96,48175.96,0.0,108,none,0.0758,0,stuck_payment
13839.28,13839.28,0.0,5,none,0.2168,0,stuck_payment
54090.66,54090.66,0.0,91,TD,0.0743,0,no_mismatch
83180.99,83180.99,0.0,76,none,0.1352,0,stuck_payment
79255.64,81936.86,3.383,4,none,0.2061,0,stuck_payment
56701.47,56701.47,0.0,67,none,0.2318,0,stuck_payment
55748.88,55748.88,0.0,19,BD,0.2059,1,duplicate_charge
23078.94,23078.94,0.0,3,BD,0.1353,0,stuck_payment
38002.3,38343.02,0.8966,92,none,0.0127,1,duplicate_charge
29617.62,29617.62,0.0,102,BD,0.0248,0,no_mismatch
89784.33,89784.33,0.0,41,none,0.1639,1,duplicate_charge
51082.44,58478.49,14.4787,101,none,0.2155,0,wrong_amount
19579.24,19579.24,0.0,111,none,0.0859,0,stuck_payment
9856.05,7687.45,22.0027,59,none,0.107,0,no_mismatch
37068.82,37068.82,0.0,43,none,0.1512,0,stuck_payment
7545.83,9105.94,20.6751,56,none,0.1704,0,wrong_amount
9293.55,11098.63,19.4229,39,none,0.1802,0,wrong_amount
89191.73,89191.73,0.0,37,BD,0.1173,0,no_mismatch
39942.45,39942.45,0.0,118,none,0.1954,0,stuck_payment
52327.0,40192.05,23.1906,56,none,0.0586,0,wrong_amount
37854.27,37854.27,0.0,73,none,0.0482,0,stuck_payment
78512.67,78512.67,0.0,70,none,0.1433,0,stuck_payment
56618.7,56618.7,0.0,88,none,0.1265,0,stuck_payment
36472.03,36472.03,0.0,76,none,0.0971,0,stuck_payment
56978.03,56978.03,0.0,3,none,0.0668,1,duplicate_charge
8788.85,8788.85,0.0,90,none,0.096,0,stuck_payment
63142.87,63142.87,0.0,107,none,0.1012,0,stuck_payment
7958.06,7958.06,0.0,98,none,0.2254,0,stuck_payment
14006.1,15943.62,13.8334,66,none,0.2398,0,wrong_amount
45746.12,45746.12,0.0,86,none,0.1272,0,stuck_payment
18569.33,15550.55,16.2568,36,BD,0.1811,0,no_mismatch
13863.3,13863.3,0.0,21,BD,0.2363,0,duplicate_charge
58804.72,58804.72,0.0,104,none,0.249,0,stuck_payment
72128.51,72128.51,0.0,118,BD,0.2076,0,no_mismatch
29435.48,29435.48,0.0,107,BD,0.1144,0,no_mismatch
388.33,388.33,0.0,17,none,0.0981,0,no_mismatch
71059.63,55405.27,22.0299,81,none,0.2321,0,wrong_amount
41059.87,41059.87,0.0,59,TD,0.2085,0,no_mismatch
86465.22,86465.22,0.0,65,TD,0.1444,0,no_mismatch
72139.84,72139.84,0.0,1,BD,0.1265,0,stuck_payment
91250.16,91250.16,0.0,21,none,0.1821,0,no_mismatch
13711.35,13711.35,0.0,50,none,0.1401,0,stuck_payment
77265.66,78794.39,1.9785,72,none,0.1907,1,duplicate_charge
11705.25,11705.25,0.0,1,none,0.2125,0,no_mismatch
11009.81,11009.81,0.0,12,none,0.1126,0,duplicate_charge
4457.6,4457.6,0.0,105,none,0.1157,0,stuck_payment
13702.81,15604.1,13.8752,76,none,0.0135,0,wrong_amount
25716.93,25716.93,0.0,84,BD,0.131,0,no_mismatch
56221.26,56221.26,0.0,38,TD,0.165,0,no_mismatch
52238.11,52238.11,0.0,72,none,0.2176,0,stuck_payment
13237.36,13237.36,0.0,61,none,0.1092,0,stuck_payment
95937.68,95937.68,0.0,66,none,0.2446,0,stuck_payment
31154.38,31154.38,0.0,28,none,0.1841,1,duplicate_charge
25855.91,28585.35,10.5563,29,none,0.0265,0,wrong_amount
21412.24,21412.24,0.0,102,none,0.1151,0,stuck_payment
88142.76,88142.76,0.0,112,none,0.111,1,duplicate_charge
86218.22,86218.22,0.0,56,BD,0.113,0,duplicate_charge
54840.57,54840.57,0.0,33,none,0.2334,0,no_mismatch
54761.53,54761.53,0.0,41,none,0.1018,0,stuck_payment
90784.6,90784.6,0.0,39,none,0.0431,1,duplicate_charge
33465.85,33465.85,0.0,57,none,0.1791,0,stuck_payment
44953.67,44953.67,0.0,11,none,0.1053,0,no_mismatch
18358.95,18358.95,0.0,77,BD,0.2349,0,no_mismatch
32522.79,38659.67,18.8695,94,BD,0.2476,0,no_mismatch
23433.74,23433.74,0.0,13,none,0.1318,0,no_mismatch
60142.6,60142.6,0.0,19,none,0.0808,0,no_mismatch
68229.52,53845.82,21.0813,82,BD,0.1821,0,no_mismatch
23457.4,23457.4,0.0,120,TD,0.2357,0,no_mismatch
99821.27,99821.27,0.0,86,BD,0.1151,0,stuck_payment
79409.24,79409.24,0.0,112,none,0.0125,0,stuck_payment
75978.7,75978.7,0.0,7,BD,0.0366,0,no_mismatch
71975.48,90944.91,26.3554,57,none,0.1582,1,duplicate_charge
28323.7,28323.7,0.0,64,BD,0.1163,0,wrong_amount
13000.6,13000.6,0.0,7,none,0.18,0,no_mismatch
36679.13,34140.9,6.9201,7,BD,0.1042,0,no_mismatch
62241.87,62241.87,0.0,99,none,0.0588,0,stuck_payment
11939.9,11939.9,0.0,17,none,0.2208,0,no_mismatch
50697.58,50697.58,0.0,98,TD,0.0273,0,no_mismatch
61381.75,65459.16,6.6427,113,none,0.2241,0,wrong_amount
35981.5,35981.5,0.0,32,none,0.1746,0,no_mismatch
4665.89,4665.89,0.0,5,BD,0.2413,0,no_mismatch
57803.14,57803.14,0.0,51,none,0.2363,0,stuck_payment
54795.05,61155.02,11.6068,62,TD,0.1968,0,stuck_payment
99611.98,99611.98,0.0,89,none,0.182,0,stuck_payment
66255.01,66255.01,0.0,37,none,0.1777,0,no_mismatch
86202.61,96356.95,11.7796,49,none,0.2132,0,wrong_amount
904.19,809.16,10.51,10,none,0.2465,0,wrong_amount
13087.79,13087.79,0.0,37,BD,0.1389,0,no_mismatch
6208.72,4444.72,28.4117,29,none,0.0839,0,wrong_amount
7067.43,7067.43,0.0,5,none,0.1644,0,no_mismatch
83909.13,90059.22,7.3295,66,TD,0.0133,0,no_mismatch
11753.16,11753.16,0.0,57,TD,0.0427,0,wrong_amount
28230.83,28230.83,0.0,119,none,0.0902,0,stuck_payment
56301.02,56301.02,0.0,70,none,0.2157,0,stuck_payment
8863.91,8863.91,0.0,76,none,0.0848,0,stuck_payment
23171.42,23171.42,0.0,54,none,0.2218,0,stuck_payment
88485.95,78662.21,11.102,10,TD,0.246,0,no_mismatch
69520.81,50597.2,27.2201,12,none,0.212,0,wrong_amount
75218.24,70951.54,5.6724,13,none,0.1559,0,wrong_amount
6845.76,6845.76,0.0,68,none,0.1353,0,stuck_payment
72306.66,72306.66,0.0,73,BD,0.0355,0,no_mismatch
43709.39,43709.39,0.0,43,none,0.0296,0,duplicate_charge
31363.44,31363.44,0.0,89,none,0.0502,0,stuck_payment
38233.8,38233.8,0.0,91,BD,0.2482,0,no_mismatch
23709.68,23709.68,0.0,104,none,0.2159,1,duplicate_charge
97911.04,97911.04,0.0,20,none,0.1497,0,no_mismatch
80390.21,80390.21,0.0,113,none,0.0228,1,wrong_amount
51439.97,39804.11,22.6203,1,BD,0.1423,0,no_mismatch
53711.79,53711.79,0.0,108,none,0.0425,0,stuck_payment
6010.04,6513.34,8.3743,84,TD,0.0416,0,no_mismatch
52537.57,59180.9,12.6449,74,none,0.0571,1,duplicate_charge
12740.65,12740.65,0.0,2,BD,0.1622,0,no_mismatch
27772.12,27772.12,0.0,20,TD,0.0415,0,no_mismatch
49852.9,49852.9,0.0,17,none,0.0348,0,wrong_amount
19476.93,19476.93,0.0,98,BD,0.0324,0,no_mismatch
4798.78,4798.78,0.0,26,BD,0.2462,1,duplicate_charge
71553.21,71553.21,0.0,120,none,0.1197,0,stuck_payment
90319.03,75760.88,16.1186,99,BD,0.0155,0,no_mismatch
59861.67,59861.67,0.0,114,none,0.2448,1,duplicate_charge
29923.94,29923.94,0.0,6,none,0.0482,0,no_mismatch
53135.5,65651.65,23.5552,32,none,0.188,0,wrong_amount
6781.4,6781.4,0.0,21,TD,0.0295,0,wrong_amount
93894.71,93894.71,0.0,2,none,0.0981,0,no_mismatch
36920.58,36920.58,0.0,108,none,0.1044,0,stuck_payment
87713.59,93868.37,7.0169,120,TD,0.1469,0,no_mismatch
36268.87,42593.28,17.4376,39,none,0.1158,0,wrong_amount
97971.69,97971.69,0.0,78,none,0.1821,0,stuck_payment
34444.61,34444.61,0.0,78,none,0.1189,0,stuck_payment
16977.44,12484.76,26.4626,12,TD,0.0452,0,duplicate_charge
41152.47,51384.16,24.8629,84,none,0.0869,0,wrong_amount
10231.04,10231.04,0.0,66,none,0.2392,0,stuck_payment
49349.93,49349.93,0.0,88,none,0.1876,0,stuck_payment
14837.14,14837.14,0.0,40,none,0.1807,0,no_mismatch
57132.27,57132.27,0.0,29,TD,0.0913,0,stuck_payment
13484.39,13484.39,0.0,37,none,0.2438,0,no_mismatch
36626.77,30784.75,15.9501,32,TD,0.0586,0,no_mismatch
80910.79,80910.79,0.0,11,none,0.0978,0,no_mismatch
50000.87,64703.21,29.4042,48,none,0.1968,0,wrong_amount
69013.91,69013.91,0.0,64,none,0.1188,0,stuck_payment
89501.96,89501.96,0.0,35,none,0.2363,0,no_mismatch
33616.81,43369.63,29.0117,48,none,0.2479,0,duplicate_charge
38727.26,38727.26,0.0,100,none,0.2409,1,duplicate_charge
20941.31,20941.31,0.0,11,TD,0.0785,1,wrong_amount
69804.36,76758.39,9.9622,66,BD,0.092,0,no_mismatch
59634.86,59634.86,0.0,48,none,0.1053,0,stuck_payment
18254.21,18254.21,0.0,31,BD,0.2188,0,no_mismatch
24035.77,24035.77,0.0,76,none,0.0738,0,stuck_payment
93319.21,93319.21,0.0,86,none,0.1662,0,stuck_payment
24856.46,24856.46,0.0,54,none,0.0822,0,stuck_payment
30963.73,30963.73,0.0,8,none,0.109,0,no_mismatch
45843.99,33363.42,27.224,4,none,0.1747,0,no_mismatch
94020.65,94020.65,0.0,118,TD,0.2337,1,duplicate_charge
73015.96,73015.96,0.0,118,none,0.0774,0,stuck_payment
36338.54,36338.54,0.0,36,none,0.0523,0,no_mismatch
50598.05,50598.05,0.0,35,none,0.1661,0,no_mismatch
4956.08,4956.08,0.0,83,none,0.2187,0,stuck_payment
67702.87,67702.87,0.0,53,none,0.2201,0,wrong_amount
22334.18,22334.18,0.0,58,BD,0.1132,0,no_mismatch
40733.09,40775.7,0.1046,117,BD,0.2086,0,wrong_amount
62967.05,62967.05,0.0,20,none,0.2338,1,duplicate_charge
92764.4,92764.4,0.0,84,none,0.2462,1,duplicate_charge
92085.41,92085.41,0.0,88,TD,0.0407,0,no_mismatch
32046.88,32046.88,0.0,25,BD,0.0164,0,no_mismatch
96769.19,96769.19,0.0,16,none,0.0622,0,wrong_amount
80631.69,80631.69,0.0,64,none,0.228,0,stuck_payment
19891.75,19891.75,0.0,45,none,0.1343,0,stuck_payment
90657.77,108197.01,19.3466,101,TD,0.0407,0,no_mismatch
61575.49,61575.49,0.0,111,none,0.0612,0,stuck_payment
16980.7,16980.7,0.0,99,none,0.0644,0,stuck_payment
89372.78,89372.78,0.0,23,BD,0.0973,0,no_mismatch
69379.92,69379.92,0.0,107,TD,0.095,0,no_mismatch
42380.36,37929.67,10.5018,61,none,0.2278,0,wrong_amount
45965.56,45965.56,0.0,50,none,0.1991,0,stuck_payment
50616.07,63577.07,25.6065,5,BD,0.1279,0,no_mismatch
10067.69,10067.69,0.0,106,none,0.0633,0,stuck_payment
67809.31,67809.31,0.0,24,none,0.2413,0,no_mismatch
79396.21,79396.21,0.0,119,none,0.0729,0,stuck_payment
77957.14,77957.14,0.0,42,none,0.073,0,wrong_amount
97969.84,97969.84,0.0,89,none,0.044,0,stuck_payment
71235.88,73504.87,3.1852,33,none,0.0931,0,wrong_amount
85820.63,85820.63,0.0,92,none,0.2478,0,wrong_amount
18494.83,18494.83,0.0,46,none,0.1005,0,stuck_payment
61831.45,61831.45,0.0,28,none,0.0218,0,no_mismatch
83328.3,83328.3,0.0,93,none,0.2017,1,duplicate_charge
64810.65,64810.65,0.0,35,none,0.2003,0,no_mismatch
82784.55,66169.3,20.0705,110,none,0.0832,0,wrong_amount
56212.29,41229.15,26.6546,29,none,0.0519,0,wrong_amount
50920.93,50920.93,0.0,52,TD,0.2088,0,no_mismatch
36600.96,44622.3,21.9157,6,none,0.0703,1,duplicate_charge
17510.56,17510.56,0.0,9,none,0.1127,0,wrong_amount
7294.89,7294.89,0.0,118,none,0.0892,0,no_mismatch
57000.59,57000.59,0.0,74,none,0.1522,0,stuck_payment
32171.95,32171.95,0.0,46,none,0.0244,0,stuck_payment
81139.23,77031.28,5.0628,86,BD,0.1595,0,no_mismatch
9699.79,9699.79,0.0,12,BD,0.0276,0,no_mismatch
24440.73,24440.73,0.0,116,none,0.1068,0,stuck_payment
64761.9,64761.9,0.0,73,none,0.1239,1,wrong_amount
42693.61,42693.61,0.0,30,BD,0.1545,0,no_mismatch
13271.98,13271.98,0.0,87,none,0.1205,0,stuck_payment
57719.88,57719.88,0.0,80,none,0.1407,0,stuck_payment
84081.94,84081.94,0.0,81,none,0.226,0,stuck_payment
30945.86,31798.05,2.7538,43,none,0.0174,0,wrong_amount
72535.61,72535.61,0.0,43,TD,0.0399,1,duplicate_charge
12193.03,15273.75,25.2662,63,none,0.0753,0,wrong_amount
64044.38,64044.38,0.0,37,none,0.1806,1,duplicate_charge
42144.4,42144.4,0.0,51,none,0.1407,0,stuck_payment
49691.54,49691.54,0.0,58,none,0.2316,0,stuck_payment
8993.79,8993.79,0.0,50,none,0.1124,0,stuck_payment
25767.46,25767.46,0.0,3,none,0.0947,0,no_mismatch
47078.95,57518.24,22.174,73,none,0.0548,0,stuck_payment
7999.91,7999.91,0.0,73,none,0.043,0,no_mismatch
22351.74,22351.74,0.0,89,none,0.1218,1,wrong_amount
36863.88,42714.83,15.8718,53,none,0.1124,0,wrong_amount
7928.48,7928.48,0.0,38,none,0.159,0,no_mismatch
57034.69,57034.69,0.0,51,none,0.0776,0,stuck_payment
24876.57,24876.57,0.0,97,TD,0.2263,0,no_mismatch
74558.37,74558.37,0.0,33,none,0.2,0,no_mismatch
12219.1,12219.1,0.0,78,none,0.1907,0,stuck_payment
70598.15,70598.15,0.0,36,none,0.0784,0,no_mismatch
27036.96,27036.96,0.0,3,none,0.1722,0,no_mismatch
56179.59,56985.22,1.434,65,none,0.1553,0,wrong_amount
93524.41,93524.41,0.0,86,none,0.1642,0,stuck_payment
58305.43,58305.43,0.0,13,TD,0.0349,1,duplicate_charge
89432.2,89432.2,0.0,17,BD,0.0516,0,no_mismatch
76192.2,76192.2,0.0,39,none,0.1345,0,no_mismatch
63066.7,63066.7,0.0,48,none,0.2021,0,stuck_payment
77796.83,78034.96,0.3061,36,none,0.2136,0,wrong_amount
6502.42,6502.42,0.0,29,none,0.2075,0,no_mismatch
73755.94,73755.94,0.0,18,none,0.059,0,no_mismatch
33398.51,33398.51,0.0,46,none,0.1528,0,stuck_payment
58276.79,58276.79,0.0,108,none,0.0106,0,stuck_payment
97088.15,80378.93,17.2104,9,TD,0.0965,0,no_mismatch
26011.55,26011.55,0.0,50,TD,0.0274,0,no_mismatch
55117.93,51732.28,6.1426,25,none,0.0478,0,wrong_amount
13659.61,13659.61,0.0,25,none,0.0803,0,no_mismatch
20870.44,22757.35,9.0411,92,none,0.1311,0,wrong_amount
80119.53,80119.53,0.0,106,none,0.0167,0,stuck_payment
90170.49,90170.49,0.0,41,none,0.2253,0,stuck_payment
28129.92,28129.92,0.0,7,TD,0.2031,1,duplicate_charge
66300.15,66300.15,0.0,114,TD,0.1218,0,no_mismatch
3850.23,3850.23,0.0,41,BD,0.0648,0,no_mismatch
83488.05,83488.05,0.0,21,TD,0.1442,0,no_mismatch
42270.22,42270.22,0.0,58,none,0.1852,0,wrong_amount
75901.72,72861.52,4.0054,80,none,0.0122,1,duplicate_charge
33085.89,33085.89,0.0,14,TD,0.2207,0,no_mismatch
22024.01,22024.01,0.0,60,none,0.1862,0,stuck_payment
90100.28,90100.28,0.0,47,none,0.0126,0,stuck_payment
14285.25,14285.25,0.0,79,none,0.2053,0,stuck_payment
74864.44,60450.69,19.2531,8,BD,0.2268,0,no_mismatch
73498.14,73498.14,0.0,34,none,0.051,1,duplicate_charge
27158.24,27158.24,0.0,102,BD,0.0405,0,wrong_amount
6903.33,6903.33,0.0,75,none,0.2013,0,stuck_payment
1736.91,1736.91,0.0,21,none,0.1689,0,no_mismatch
5306.71,5306.71,0.0,57,none,0.1833,0,stuck_payment
25968.46,25968.46,0.0,60,none,0.24,0,stuck_payment
47681.08,47681.08,0.0,64,none,0.0725,0,stuck_payment
78687.31,78687.31,0.0,111,TD,0.0733,0,no_mismatch
64017.9,64017.9,0.0,112,none,0.047,0,stuck_payment
62929.34,62929.34,0.0,112,none,0.0532,0,no_mismatch
4106.31,4106.31,0.0,101,none,0.1025,0,stuck_payment
28246.57,28246.57,0.0,65,none,0.0454,0,stuck_payment
24985.47,20687.02,17.2038,102,TD,0.0412,1,duplicate_charge
4809.91,4809.91,0.0,66,BD,0.1773,0,no_mismatch
55324.61,55324.61,0.0,96,none,0.1707,0,stuck_payment
89890.87,89890.87,0.0,7,none,0.1263,0,no_mismatch
79813.98,79813.98,0.0,77,TD,0.0349,0,no_mismatch
61763.33,61763.33,0.0,23,none,0.1865,0,no_mismatch
11028.26,11609.73,5.2725,50,none,0.0699,0,wrong_amount
18260.61,13564.82,25.7154,19,BD,0.0523,0,no_mismatch
68541.41,68541.41,0.0,113,none,0.214,0,duplicate_charge
19610.34,19610.34,0.0,89,none,0.0569,0,stuck_payment
29513.32,29513.32,0.0,116,none,0.0831,0,stuck_payment
49959.67,49959.67,0.0,119,none,0.075,1,duplicate_charge
16704.39,16704.39,0.0,79,none,0.1938,0,stuck_payment
7230.01,7230.01,0.0,41,TD,0.1736,0,no_mismatch
62429.01,62429.01,0.0,51,none,0.1679,0,stuck_payment
87777.05,87777.05,0.0,54,TD,0.0544,0,duplicate_charge
47469.11,47469.11,0.0,21,none,0.1461,1,duplicate_charge
8147.29,8147.29,0.0,70,BD,0.2043,0,no_mismatch
65446.57,65446.57,0.0,119,TD,0.1522,0,no_mismatch
32325.77,32325.77,0.0,119,none,0.0624,0,stuck_payment
31842.84,31842.84,0.0,90,none,0.0658,0,stuck_payment
66870.67,66870.67,0.0,83,none,0.2084,0,stuck_payment
66441.62,66441.62,0.0,6,none,0.0282,0,no_mismatch
62387.89,74906.16,20.0652,13,TD,0.1837,0,no_mismatch
53877.15,53877.15,0.0,6,TD,0.1383,0,stuck_payment
70466.81,53154.58,24.5679,23,none,0.0326,0,wrong_amount
78232.89,78232.89,0.0,38,none,0.2288,0,no_mismatch
37311.7,42186.37,13.0647,69,none,0.1064,0,wrong_amount
10487.72,10487.72,0.0,68,none,0.1435,1,no_mismatch
30999.46,30999.46,0.0,18,none,0.1717,1,duplicate_charge
38887.89,38887.89,0.0,65,none,0.1295,0,stuck_payment
48096.11,48096.11,0.0,67,none,0.1868,0,stuck_payment
40232.49,40232.49,0.0,52,none,0.196,0,stuck_payment
43590.91,39716.79,8.8874,15,none,0.1816,0,wrong_amount
14568.57,15369.3,5.4963,89,BD,0.0782,0,no_mismatch
53236.56,53236.56,0.0,15,TD,0.1265,0,no_mismatch
88009.46,88009.46,0.0,90,none,0.0316,0,stuck_payment
44706.7,44706.7,0.0,53,none,0.1526,0,stuck_payment
57579.19,57579.19,0.0,84,TD,0.1776,0,no_mismatch
55000.32,69441.05,26.2557,53,BD,0.1752,0,no_mismatch
312.88,224.94,28.1066,70,none,0.1406,0,wrong_amount
9726.48,9726.48,0.0,6,none,0.0531,0,no_mismatch
52993.07,52993.07,0.0,91,BD,0.0953,0,no_mismatch
92497.99,92497.99,0.0,79,TD,0.1968,0,no_mismatch
6338.53,6338.53,0.0,69,none,0.0494,0,stuck_payment
43671.16,43671.16,0.0,30,TD,0.1434,0,no_mismatch
88213.21,88213.21,0.0,115,none,0.1995,0,stuck_payment
21527.57,21527.57,0.0,116,none,0.1314,0,stuck_payment
88338.96,88338.96,0.0,117,none,0.2085,0,stuck_payment
39825.17,45011.61,13.023,100,BD,0.2436,0,no_mismatch
66416.02,66416.02,0.0,26,none,0.1821,0,no_mismatch
67335.39,67335.39,0.0,94,none,0.0938,0,stuck_payment
73743.59,73743.59,0.0,9,none,0.0881,0,no_mismatch
73654.69,73654.69,0.0,52,none,0.1257,0,stuck_payment
65099.2,65099.2,0.0,81,none,0.2081,0,duplicate_charge
63516.93,63516.93,0.0,67,BD,0.167,0,no_mismatch
77055.42,77055.42,0.0,60,none,0.2396,0,stuck_payment
91830.27,91830.27,0.0,46,none,0.1106,0,stuck_payment
64360.83,64360.83,0.0,39,none,0.1294,0,no_mismatch
1761.97,1761.97,0.0,94,TD,0.1038,0,no_mismatch
95338.77,95338.77,0.0,50,none,0.1568,0,stuck_payment
82960.36,94116.19,13.4472,79,none,0.1457,0,wrong_amount
34408.52,34408.52,0.0,35,none,0.1608,1,duplicate_charge
44489.33,44489.33,0.0,18,none,0.1559,0,no_mismatch
62777.42,74404.35,18.5209,76,none,0.0831,0,wrong_amount
57452.02,57452.02,0.0,3,none,0.1428,0,no_mismatch
30768.65,30768.65,0.0,33,none,0.1745,0,no_mismatch
28494.24,28494.24,0.0,66,TD,0.156,0,no_mismatch
30296.67,30296.67,0.0,32,TD,0.12,0,no_mismatch
34401.93,34401.93,0.0,75,none,0.138,0,stuck_payment
29367.43,29367.43,0.0,4,TD,0.0858,0,no_mismatch
16749.86,16749.86,0.0,104,none,0.0124,0,stuck_payment
11914.93,11914.93,0.0,5,TD,0.0435,0,no_mismatch
39731.09,39731.09,0.0,78,none,0.0143,0,stuck_payment
27128.9,27128.9,0.0,46,none,0.1948,1,duplicate_charge
87738.26,87738.26,0.0,25,none,0.2031,0,no_mismatch
30581.61,30581.61,0.0,71,TD,0.1528,0,no_mismatch
83357.41,83357.41,0.0,14,none,0.1098,0,no_mismatch
1555.43,1555.43,0.0,58,none,0.2296,1,duplicate_charge
21364.12,21364.12,0.0,93,none,0.1729,0,stuck_payment
88871.59,88871.59,0.0,46,none,0.0141,0,stuck_payment
35807.9,35807.9,0.0,72,TD,0.1457,0,wrong_amount
97876.92,97876.92,0.0,115,none,0.1137,0,stuck_payment
50315.1,50315.1,0.0,93,none,0.1669,0,stuck_payment
16283.35,16283.35,0.0,103,BD,0.0371,0,no_mismatch
42829.91,42829.91,0.0,16,BD,0.0751,0,no_mismatch
94974.42,94974.42,0.0,77,none,0.0204,0,stuck_payment
66559.99,66559.99,0.0,72,none,0.1062,0,stuck_payment
16566.99,16566.99,0.0,49,BD,0.1967,0,no_mismatch
91025.1,91025.1,0.0,56,none,0.0429,0,stuck_payment
76835.03,57124.2,25.6534,78,BD,0.0666,0,wrong_amount
64786.88,64786.88,0.0,102,BD,0.1297,0,no_mismatch
38940.88,38940.88,0.0,88,none,0.0994,0,stuck_payment
43763.63,32628.66,25.4434,69,TD,0.0115,0,no_mismatch
96947.97,96947.97,0.0,94,none,0.0344,0,stuck_payment
86199.09,86199.09,0.0,1,none,0.1047,0,no_mismatch
94655.83,94655.83,0.0,9,none,0.197,0,no_mismatch
77902.21,100569.69,29.0974,21,none,0.075,0,wrong_amount
73177.49,73177.49,0.0,72,none,0.172,0,stuck_payment
17179.82,17179.82,0.0,40,TD,0.212,0,no_mismatch
85935.81,88918.4,3.4707,63,none,0.0302,1,duplicate_charge
33665.23,25063.49,25.5508,47,none,0.0323,0,wrong_amount
30794.91,30794.91,0.0,98,none,0.0616,0,stuck_payment
29826.55,29826.55,0.0,94,none,0.1857,0,stuck_payment
78968.12,78968.12,0.0,46,none,0.1786,0,stuck_payment
46000.29,46000.29,0.0,109,none,0.0588,0,stuck_payment
48884.21,48884.21,0.0,29,TD,0.1372,0,wrong_amount
87397.31,82125.42,6.0321,55,none,0.1331,0,wrong_amount
88973.48,88973.48,0.0,72,BD,0.2007,0,no_mismatch
47574.26,59380.6,24.8167,24,none,0.025,0,wrong_amount
44572.52,44572.52,0.0,42,none,0.061,0,duplicate_charge
22719.98,22719.98,0.0,101,none,0.0344,0,stuck_payment
10827.26,10827.26,0.0,62,TD,0.077,0,no_mismatch
8853.47,8853.47,0.0,96,none,0.049,0,stuck_payment
58926.15,53438.41,9.3129,105,none,0.151,0,wrong_amount
88877.02,88877.02,0.0,56,TD,0.2274,1,duplicate_charge
58795.44,58795.44,0.0,4,none,0.0369,0,no_mismatch
55454.95,55454.95,0.0,74,BD,0.2274,0,no_mismatch
68407.44,68407.44,0.0,13,none,0.1397,0,no_mismatch
52254.52,52254.52,0.0,22,none,0.1036,0,no_mismatch
51508.52,51508.52,0.0,80,none,0.2262,0,stuck_payment
72447.29,72447.29,0.0,57,TD,0.2286,0,no_mismatch
77535.52,77535.52,0.0,82,none,0.0936,0,stuck_payment
94550.24,94550.24,0.0,108,none,0.053,1,wrong_amount
74544.72,74544.72,0.0,69,none,0.2253,0,stuck_payment
83875.31,83875.31,0.0,39,none,0.055,0,no_mismatch
86001.92,86001.92,0.0,60,BD,0.0888,0,no_mismatch
29994.95,29994.95,0.0,119,none,0.0337,0,duplicate_charge
92603.89,92603.89,0.0,98,none,0.1355,0,stuck_payment
52384.67,40973.14,21.7841,27,none,0.092,0,wrong_amount
53683.97,53683.97,0.0,74,TD,0.2467,0,no_mismatch
53923.18,53923.18,0.0,118,none,0.0127,0,stuck_payment
73815.06,73815.06,0.0,118,none,0.2125,0,stuck_payment
84607.72,84607.72,0.0,57,none,0.0213,0,no_mismatch
56071.37,56071.37,0.0,55,none,0.063,0,stuck_payment
9034.08,9034.08,0.0,41,none,0.1392,1,no_mismatch
72219.04,72219.04,0.0,2,none,0.1705,0,no_mismatch
67366.12,52321.4,22.3328,74,TD,0.1503,1,stuck_payment
95856.74,95856.74,0.0,110,none,0.1238,0,stuck_payment
86627.34,86627.34,0.0,32,none,0.0201,1,wrong_amount
53158.77,53158.77,0.0,103,BD,0.1305,0,wrong_amount
28412.37,27255.44,4.0719,92,none,0.1061,0,wrong_amount
93273.35,93273.35,0.0,68,none,0.101,0,stuck_payment
91509.76,110458.28,20.7066,73,TD,0.0948,0,no_mismatch
6129.33,6743.9,10.0267,112,none,0.212,0,wrong_amount
36735.13,36735.13,0.0,58,none,0.0306,0,stuck_payment
38644.82,38644.82,0.0,75,none,0.0546,0,stuck_payment
87734.35,95372.62,8.7061,87,none,0.1684,0,wrong_amount
91110.25,91110.25,0.0,24,none,0.2153,0,duplicate_charge
42240.24,42240.24,0.0,49,none,0.0923,0,stuck_payment
17791.21,22099.92,24.2182,9,none,0.1739,1,stuck_payment
89340.8,89340.8,0.0,90,none,0.2377,0,duplicate_charge
20553.3,20553.3,0.0,105,none,0.0819,0,duplicate_charge
4381.08,4381.08,0.0,16,BD,0.1706,0,duplicate_charge
13623.35,13623.35,0.0,2,TD,0.1268,0,wrong_amount
13518.66,13518.66,0.0,112,BD,0.1621,0,no_mismatch
45383.44,45383.44,0.0,75,TD,0.0861,0,no_mismatch
2258.61,2258.61,0.0,103,BD,0.1289,0,no_mismatch
75641.53,75641.53,0.0,111,none,0.2416,0,stuck_payment
57009.81,66187.39,16.0982,79,none,0.1937,0,wrong_amount
75464.44,75464.44,0.0,110,none,0.2095,0,stuck_payment
53809.99,53809.99,0.0,18,none,0.0396,0,no_mismatch
19734.94,19734.94,0.0,55,none,0.2404,0,stuck_payment
78904.73,78904.73,0.0,108,none,0.075,0,stuck_payment
82917.09,82917.09,0.0,27,none,0.1924,0,no_mismatch
50774.99,50774.99,0.0,61,none,0.1894,0,stuck_payment
22322.23,22322.23,0.0,52,TD,0.124,1,duplicate_charge
25181.78,25181.78,0.0,2,none,0.1594,0,no_mismatch
95156.24,118733.41,24.7773,3,TD,0.0407,0,no_mismatch
26524.29,26839.72,1.1892,9,none,0.0509,0,wrong_amount
89454.42,89454.42,0.0,93,none,0.1181,0,stuck_payment
26926.24,26926.24,0.0,3,BD,0.1756,0,no_mismatch
83902.68,83902.68,0.0,73,TD,0.075,0,no_mismatch
24095.78,24095.78,0.0,10,BD,0.1259,0,no_mismatch
9969.19,9969.19,0.0,19,BD,0.0765,0,no_mismatch
2913.31,2913.31,0.0,72,none,0.1887,0,wrong_amount
86568.46,86568.46,0.0,27,TD,0.0996,0,no_mismatch
84213.99,84213.99,0.0,24,TD,0.0736,0,no_mismatch
64604.05,64604.05,0.0,54,BD,0.1381,0,no_mismatch
3641.06,3641.06,0.0,68,none,0.175,0,stuck_payment
47541.63,41845.21,11.982,8,none,0.0463,1,duplicate_charge
59496.23,59496.23,0.0,31,none,0.2026,0,no_mismatch
7100.84,7100.84,0.0,53,none,0.15,1,duplicate_charge
46538.15,46538.15,0.0,4,BD,0.1288,0,no_mismatch
95535.96,95535.96,0.0,2,BD,0.1207,0,no_mismatch
9038.58,9038.58,0.0,5,none,0.0512,1,duplicate_charge
20498.97,20498.97,0.0,73,BD,0.1322,0,no_mismatch
65543.09,65543.09,0.0,24,BD,0.203,0,no_mismatch
87026.86,87026.86,0.0,36,none,0.2002,0,no_mismatch
11184.84,8474.3,24.2341,61,none,0.1191,0,wrong_amount
40765.53,40765.53,0.0,19,none,0.1923,0,wrong_amount
78673.2,78673.2,0.0,24,none,0.0323,0,no_mismatch
14492.67,18455.21,27.3417,97,BD,0.239,0,no_mismatch
66465.46,71881.74,8.149,103,none,0.222,0,wrong_amount
2358.13,2358.13,0.0,54,none,0.0947,1,duplicate_charge
92302.63,92302.63,0.0,11,none,0.1546,0,no_mismatch
55763.42,55763.42,0.0,87,BD,0.2375,0,wrong_amount
35973.12,35973.12,0.0,15,none,0.0415,0,no_mismatch
66774.74,66774.74,0.0,120,none,0.2313,1,duplicate_charge
80561.78,80561.78,0.0,52,none,0.1787,0,stuck_payment
80253.14,80253.14,0.0,33,none,0.1127,0,no_mismatch
98068.41,98068.41,0.0,17,TD,0.101,1,duplicate_charge
1066.19,1066.19,0.0,40,none,0.0157,0,no_mismatch
43888.37,43888.37,0.0,12,none,0.0363,1,duplicate_charge
29228.43,29228.43,0.0,17,BD,0.0822,1,duplicate_charge
57170.93,57170.93,0.0,68,none,0.1944,0,stuck_payment
20239.84,20239.84,0.0,94,none,0.2101,0,stuck_payment
97966.78,97966.78,0.0,35,none,0.0749,0,no_mismatch
4003.36,4273.16,6.7393,41,TD,0.055,0,no_mismatch
1071.86,1126.23,5.0725,88,none,0.0456,1,duplicate_charge
90275.97,84638.24,6.245,1,BD,0.0144,0,no_mismatch
24941.82,24941.82,0.0,92,none,0.1188,0,stuck_payment
61257.42,51680.71,15.6336,16,TD,0.1075,1,duplicate_charge
58006.54,58006.54,0.0,12,none,0.1907,0,no_mismatch
82057.96,94231.08,14.8348,95,none,0.1716,0,wrong_amount
57759.25,57759.25,0.0,92,none,0.1032,0,stuck_payment
73332.22,73332.22,0.0,108,none,0.2363,0,stuck_payment
54806.56,54806.56,0.0,34,none,0.0198,1,wrong_amount
59712.85,59712.85,0.0,76,none,0.1742,0,stuck_payment
11962.2,14959.01,25.0523,11,none,0.1356,1,duplicate_charge
9337.45,9337.45,0.0,83,none,0.0722,0,stuck_payment
75947.04,75947.04,0.0,40,TD,0.0144,0,no_mismatch
80511.49,80511.49,0.0,9,none,0.0877,0,stuck_payment
41346.01,45336.39,9.6512,37,none,0.179,0,wrong_amount
43251.05,42553.74,1.6122,71,BD,0.2215,0,no_mismatch
81030.32,81030.32,0.0,70,none,0.1753,0,stuck_payment
13863.5,13863.5,0.0,58,none,0.1941,0,wrong_amount
15014.25,15014.25,0.0,19,BD,0.0932,0,no_mismatch
49738.38,49738.38,0.0,116,BD,0.0646,0,no_mismatch
63753.63,57793.77,9.3483,45,none,0.0142,0,wrong_amount
16031.09,12320.04,23.1491,71,none,0.0357,0,stuck_payment
41925.42,44148.58,5.3027,45,none,0.0788,0,wrong_amount
39818.52,39818.52,0.0,8,none,0.0515,1,duplicate_charge
42704.41,41611.29,2.5597,67,BD,0.0308,1,duplicate_charge
87909.97,87909.97,0.0,26,none,0.0405,0,no_mismatch
92530.5,92530.5,0.0,45,BD,0.017,0,no_mismatch
94655.74,94655.74,0.0,2,none,0.1131,0,no_mismatch
22516.4,22516.4,0.0,115,none,0.2437,0,wrong_amount
38245.38,28202.18,26.2599,115,BD,0.1156,0,no_mismatch
85227.81,85227.81,0.0,106,none,0.0357,1,stuck_payment
23736.12,23736.12,0.0,93,none,0.1602,0,no_mismatch
73215.71,73215.71,0.0,20,TD,0.0939,0,no_mismatch
8399.11,8399.11,0.0,69,TD,0.2356,0,no_mismatch
74970.38,64649.85,13.7661,51,none,0.0109,0,wrong_amount
41888.72,41888.72,0.0,120,none,0.1777,0,stuck_payment
15349.01,19878.05,29.507,114,none,0.2146,0,wrong_amount
85640.3,85640.3,0.0,80,TD,0.1221,1,duplicate_charge
16048.4,15047.66,6.2358,5,none,0.2338,0,wrong_amount
30400.48,30400.48,0.0,39,none,0.0401,0,no_mismatch
27260.34,27260.34,0.0,7,none,0.1106,0,no_mismatch
37902.53,36645.59,3.3162,44,none,0.1139,0,duplicate_charge
73851.65,73851.65,0.0,46,TD,0.1986,1,duplicate_charge
40026.98,40026.98,0.0,103,TD,0.2064,0,no_mismatch
10197.43,10197.43,0.0,64,none,0.1412,1,duplicate_charge
14760.5,14760.5,0.0,110,none,0.066,0,stuck_payment
67749.1,67749.1,0.0,65,none,0.1306,0,stuck_payment
6570.81,6570.81,0.0,76,none,0.1388,0,stuck_payment
40574.65,40574.65,0.0,3,none,0.0336,0,duplicate_charge
4469.87,5563.18,24.4595,40,TD,0.1899,1,duplicate_charge
72648.12,72648.12,0.0,4,BD,0.1063,0,no_mismatch
74423.02,74423.02,0.0,1,none,0.0675,0,no_mismatch
71381.64,71381.64,0.0,65,none,0.247,0,stuck_payment
6341.95,6341.95,0.0,14,none,0.1422,0,no_mismatch
60478.64,60478.64,0.0,11,BD,0.0762,0,stuck_payment
21064.67,21064.67,0.0,61,none,0.0678,0,stuck_payment
49688.56,61951.41,24.6794,6,none,0.0352,0,wrong_amount
38856.58,38856.58,0.0,98,none,0.0951,0,stuck_payment
97779.15,97779.15,0.0,93,none,0.0336,0,stuck_payment
84555.56,84555.56,0.0,106,none,0.2182,0,duplicate_charge
62905.76,80988.77,28.7462,29,none,0.0498,0,wrong_amount
47307.57,54808.44,15.8555,67,none,0.1232,0,wrong_amount
59914.56,55839.04,6.8022,54,BD,0.0166,0,wrong_amount
11195.71,11195.71,0.0,107,TD,0.2245,0,duplicate_charge
87923.62,87923.62,0.0,50,TD,0.1277,0,no_mismatch
19876.75,19876.75,0.0,30,BD,0.2208,0,no_mismatch
10693.63,10693.63,0.0,24,none,0.1413,0,no_mismatch
71660.17,71660.17,0.0,46,none,0.2429,1,duplicate_charge
17054.67,17054.67,0.0,112,TD,0.2016,0,wrong_amount
87646.26,87646.26,0.0,21,none,0.0392,0,no_mismatch
78955.27,78955.27,0.0,86,none,0.1424,0,stuck_payment
26032.2,26032.2,0.0,3,none,0.1162,0,no_mismatch
6722.69,6722.69,0.0,16,TD,0.2139,0,duplicate_charge
36531.24,36531.24,0.0,113,none,0.0315,1,duplicate_charge
11632.46,11632.46,0.0,39,none,0.1032,1,duplicate_charge
92781.59,92781.59,0.0,47,BD,0.2358,0,no_mismatch
52315.91,52315.91,0.0,101,TD,0.2136,0,no_mismatch
69514.33,69514.33,0.0,111,TD,0.0429,0,no_mismatch
29354.21,29562.88,0.7109,117,BD,0.112,0,no_mismatch
7551.97,5607.61,25.7464,19,BD,0.2288,0,stuck_payment
71997.55,71997.55,0.0,92,none,0.1032,0,stuck_payment
71320.22,71320.22,0.0,86,none,0.1575,0,stuck_payment
31054.83,31024.58,0.0974,105,BD,0.1927,0,no_mismatch
42119.05,42119.05,0.0,20,none,0.2069,0,no_mismatch
42506.18,42506.18,0.0,41,none,0.1424,0,stuck_payment
76515.35,76515.35,0.0,18,none,0.0283,0,no_mismatch
49318.66,49318.66,0.0,18,TD,0.0993,0,no_mismatch
50718.3,50718.3,0.0,34,TD,0.215,0,no_mismatch
76266.48,76266.48,0.0,60,TD,0.1862,1,duplicate_charge
29634.02,29634.02,0.0,98,none,0.2478,0,stuck_payment
42342.86,42342.86,0.0,19,BD,0.0255,0,wrong_amount
46123.19,39203.65,15.0023,47,none,0.0733,0,wrong_amount
53202.71,53202.71,0.0,30,none,0.1834,0,no_mismatch
48718.93,48718.93,0.0,30,none,0.1963,0,duplicate_charge
29721.03,32411.9,9.0538,91,none,0.0535,1,duplicate_charge
56305.99,56305.99,0.0,99,none,0.1745,0,stuck_payment
14835.31,14835.31,0.0,72,none,0.0821,1,duplicate_charge
41720.28,41720.28,0.0,2,none,0.2242,0,no_mismatch
14467.3,14467.3,0.0,111,none,0.0596,0,stuck_payment
72690.25,72690.25,0.0,52,none,0.176,0,stuck_payment
12625.5,12625.5,0.0,56,none,0.2106,0,stuck_payment
40703.05,40703.05,0.0,4,none,0.1341,0,no_mismatch
99365.45,99365.45,0.0,30,TD,0.1765,0,no_mismatch
77764.34,77764.34,0.0,45,none,0.175,0,stuck_payment
60438.01,64065.36,6.0018,96,BD,0.2272,0,no_mismatch
44992.27,44992.27,0.0,100,BD,0.056,0,no_mismatch
32234.74,32234.74,0.0,95,none,0.1529,0,stuck_payment
71096.93,71096.93,0.0,21,none,0.0285,0,no_mismatch
2859.36,2859.36,0.0,68,TD,0.2128,0,no_mismatch
86045.31,86045.31,0.0,17,none,0.0595,1,duplicate_charge
17688.77,17688.77,0.0,19,none,0.0355,1,duplicate_charge
46532.38,46532.38,0.0,114,none,0.1556,0,stuck_payment
10750.13,8236.19,23.3852,79,none,0.0993,0,wrong_amount
83731.26,83731.26,0.0,71,TD,0.1,0,no_mismatch
83571.02,83571.02,0.0,2,TD,0.2156,0,no_mismatch
3055.84,2676.44,12.4156,13,none,0.2237,0,wrong_amount
39812.32,39812.32,0.0,10,BD,0.1411,0,no_mismatch
45112.64,45112.64,0.0,98,BD,0.0618,0,no_mismatch
40066.21,29403.35,26.6131,114,none,0.0126,1,wrong_amount
58371.92,58371.92,0.0,53,none,0.054,0,stuck_payment
37735.84,37735.84,0.0,15,none,0.1157,0,no_mismatch
78273.72,78273.72,0.0,31,none,0.0113,0,no_mismatch
56325.88,56325.88,0.0,97,none,0.0724,0,stuck_payment
35044.43,35044.43,0.0,105,none,0.088,0,stuck_payment
21976.48,21976.48,0.0,17,none,0.0479,0,no_mismatch
18100.22,18100.22,0.0,21,none,0.0383,0,no_mismatch
34871.36,45070.63,29.2483,8,BD,0.1133,0,no_mismatch
39573.77,39573.77,0.0,22,none,0.0499,0,no_mismatch
35654.18,35654.18,0.0,63,TD,0.1897,0,duplicate_charge
2437.15,2437.15,0.0,65,none,0.1144,0,stuck_payment
41927.72,41927.72,0.0,47,none,0.2132,1,duplicate_charge
4555.03,3577.87,21.4523,73,none,0.2127,0,wrong_amount
16673.8,16673.8,0.0,116,none,0.2081,0,stuck_payment
81403.42,81403.42,0.0,36,TD,0.1474,1,duplicate_charge
22594.54,22594.54,0.0,45,none,0.0693,0,no_mismatch
95744.71,95744.71,0.0,9,BD,0.2043,0,no_mismatch
80555.53,80555.53,0.0,8,BD,0.2223,0,stuck_payment
33830.7,33830.7,0.0,92,none,0.018,0,stuck_payment
58131.44,58131.44,0.0,104,none,0.1768,0,stuck_payment
19444.74,19444.74,0.0,25,none,0.0807,0,no_mismatch
91921.73,91921.73,0.0,17,BD,0.139,0,wrong_amount
74687.44,74687.44,0.0,83,TD,0.0403,0,no_mismatch
27019.63,27019.63,0.0,21,none,0.0238,0,no_mismatch
75160.55,75160.55,0.0,117,none,0.1543,0,duplicate_charge
5738.54,7403.29,29.01,26,BD,0.1203,0,no_mismatch
27857.73,27732.33,0.4501,77,none,0.0744,1,duplicate_charge
20394.63,20394.63,0.0,80,none,0.0335,0,stuck_payment
39612.77,42335.89,6.8743,48,TD,0.1062,0,no_mismatch
85511.59,85511.59,0.0,41,TD,0.2147,0,no_mismatch
39924.32,39924.32,0.0,115,none,0.1783,0,stuck_payment
42629.77,42629.77,0.0,99,TD,0.0111,0,no_mismatch
66018.49,66018.49,0.0,116,TD,0.2199,0,no_mismatch
19186.08,19186.08,0.0,9,none,0.0653,0,wrong_amount
1092.32,1022.75,6.369,13,none,0.0352,0,wrong_amount
84147.49,84147.49,0.0,57,none,0.1519,0,stuck_payment
26166.74,26166.74,0.0,17,none,0.1879,0,no_mismatch
15417.21,17939.56,16.3606,81,none,0.0871,0,wrong_amount
79142.57,79142.57,0.0,95,none,0.0118,0,stuck_payment
48361.94,55510.96,14.7823,107,none,0.2408,0,wrong_amount
75779.61,75779.61,0.0,72,none,0.0329,0,stuck_payment
94281.33,107498.31,14.0187,56,TD,0.222,0,no_mismatch
50395.27,50395.27,0.0,95,none,0.0561,0,wrong_amount
17262.44,17262.44,0.0,90,none,0.2005,0,stuck_payment
78874.76,90893.76,15.2381,62,BD,0.1503,0,no_mismatch
30583.84,30583.84,0.0,100,none,0.0865,0,stuck_payment
78594.99,78594.99,0.0,72,TD,0.0541,0,no_mismatch
75522.7,75522.7,0.0,46,none,0.1693,0,stuck_payment
16883.46,16883.46,0.0,39,none,0.1426,0,no_mismatch
76071.86,76071.86,0.0,83,BD,0.2143,0,no_mismatch
16336.27,16336.27,0.0,12,TD,0.1476,0,no_mismatch
78827.29,78827.29,0.0,84,none,0.0509,0,stuck_payment
4071.77,4071.77,0.0,1,TD,0.2095,0,no_mismatch
83930.43,83930.43,0.0,47,none,0.0544,0,stuck_payment
28575.53,22427.14,21.5163,7,none,0.0303,0,stuck_payment
37136.48,37136.48,0.0,80,TD,0.0485,0,no_mismatch
9455.25,9455.25,0.0,29,none,0.0114,1,duplicate_charge
96512.55,96512.55,0.0,19,none,0.1682,0,no_mismatch
28170.56,33960.66,20.5537,107,none,0.1238,0,wrong_amount
13066.93,13066.93,0.0,91,none,0.2355,1,duplicate_charge
57287.05,57287.05,0.0,23,TD,0.1117,0,no_mismatch
42618.51,39767.43,6.6898,27,none,0.2227,0,wrong_amount
11555.15,11555.15,0.0,102,none,0.0779,1,duplicate_charge
43583.76,40967.29,6.0033,50,none,0.226,0,no_mismatch
91547.78,96455.85,5.3612,85,none,0.1356,0,wrong_amount
42080.3,42080.3,0.0,5,none,0.1762,0,no_mismatch
60480.08,78164.69,29.2404,113,none,0.0267,0,wrong_amount
34084.07,34084.07,0.0,57,BD,0.0308,0,no_mismatch
62010.28,62010.28,0.0,23,TD,0.0539,0,no_mismatch
28774.41,28774.41,0.0,40,TD,0.0742,0,no_mismatch
16905.0,16905.0,0.0,55,none,0.2011,0,stuck_payment
38933.25,38933.25,0.0,73,none,0.0126,0,stuck_payment
29412.85,29412.85,0.0,96,TD,0.2121,0,no_mismatch
55985.25,44425.98,20.647,26,none,0.1861,0,wrong_amount
65318.41,65318.41,0.0,1,none,0.0645,0,no_mismatch
62619.56,62619.56,0.0,95,none,0.0519,0,stuck_payment
27924.86,27924.86,0.0,76,none,0.2105,1,duplicate_charge
78123.15,78123.15,0.0,10,TD,0.1126,0,no_mismatch
84658.35,84658.35,0.0,95,BD,0.0633,0,no_mismatch
90662.27,90662.27,0.0,28,none,0.1051,0,no_mismatch
54269.0,54269.0,0.0,84,none,0.0943,0,stuck_payment
89620.13,89620.13,0.0,17,none,0.103,0,no_mismatch
55389.92,55389.92,0.0,101,BD,0.1682,0,no_mismatch
8804.08,8804.08,0.0,67,none,0.1471,0,stuck_payment
15000.36,15000.36,0.0,90,TD,0.2123,1,wrong_amount
51750.62,51750.62,0.0,90,none,0.2119,0,stuck_payment
2141.34,2141.34,0.0,47,none,0.2218,1,duplicate_charge
89952.59,89952.59,0.0,32,none,0.2296,0,wrong_amount
24640.15,28211.37,14.4935,86,TD,0.2062,0,no_mismatch
79166.7,79166.7,0.0,71,none,0.0539,0,stuck_payment
41090.23,41090.23,0.0,117,none,0.0775,1,duplicate_charge
1712.85,1712.85,0.0,66,none,0.1134,0,stuck_payment
76016.76,76016.76,0.0,104,none,0.1029,0,stuck_payment
57306.85,57306.85,0.0,88,none,0.1771,0,stuck_payment
86858.95,86858.95,0.0,62,none,0.0158,0,stuck_payment
79902.11,79902.11,0.0,109,BD,0.171,0,no_mismatch
13891.23,13891.23,0.0,89,none,0.073,0,stuck_payment
42316.49,42316.49,0.0,10,none,0.1064,0,no_mismatch
3070.98,3070.98,0.0,24,none,0.193,0,no_mismatch
16369.64,16369.64,0.0,87,none,0.0136,0,stuck_payment
80977.49,80977.49,0.0,99,none,0.2114,1,duplicate_charge
99520.11,99520.11,0.0,120,TD,0.0388,0,no_mismatch
70272.55,70272.55,0.0,99,TD,0.203,0,no_mismatch
45808.36,45808.36,0.0,1,none,0.2074,0,no_mismatch
26315.21,26315.21,0.0,38,TD,0.0595,0,no_mismatch
53602.67,53602.67,0.0,31,none,0.0309,0,no_mismatch
95768.36,95768.36,0.0,82,none,0.0146,0,no_mismatch
77531.23,77531.23,0.0,54,none,0.2485,0,stuck_payment
6444.59,6444.59,0.0,69,none,0.0105,0,stuck_payment
60765.09,42547.61,29.9802,72,none,0.1882,0,wrong_amount
78656.33,78656.33,0.0,90,BD,0.2192,0,no_mismatch
74064.05,74064.05,0.0,69,BD,0.1232,0,no_mismatch
657.48,657.48,0.0,83,TD,0.0632,0,no_mismatch
88314.52,88314.52,0.0,111,none,0.2267,1,duplicate_charge
38023.41,38023.41,0.0,113,none,0.231,0,stuck_payment
90135.13,90135.13,0.0,12,none,0.0579,0,no_mismatch
4733.5,4733.5,0.0,120,none,0.0475,0,no_mismatch
4348.88,4348.88,0.0,27,BD,0.161,1,duplicate_charge
64098.13,64098.13,0.0,110,BD,0.0482,0,no_mismatch
16643.88,16643.88,0.0,71,TD,0.2188,0,no_mismatch
29984.82,29984.82,0.0,97,none,0.1685,1,duplicate_charge
14815.79,14815.79,0.0,75,none,0.2383,0,stuck_payment
64719.9,64719.9,0.0,12,BD,0.1396,0,no_mismatch
59274.4,69941.36,17.9959,110,BD,0.202,0,no_mismatch
13329.93,13329.93,0.0,68,BD,0.014,0,duplicate_charge
45683.32,45683.32,0.0,103,TD,0.2315,0,duplicate_charge
90145.36,90145.36,0.0,35,TD,0.2027,0,no_mismatch
65130.98,65130.98,0.0,43,none,0.1733,0,stuck_payment
90009.03,90305.75,0.3297,104,none,0.1679,0,wrong_amount
65797.18,65797.18,0.0,53,none,0.1505,0,stuck_payment
15705.39,15705.39,0.0,47,TD,0.0538,0,no_mismatch
57030.63,57030.63,0.0,105,none,0.0241,0,stuck_payment
64937.62,64937.62,0.0,17,none,0.0805,0,no_mismatch
13382.47,13382.47,0.0,89,none,0.0945,0,stuck_payment
76433.42,76433.42,0.0,97,BD,0.1379,0,no_mismatch
36784.95,36784.95,0.0,87,BD,0.0683,0,no_mismatch
70198.47,70198.47,0.0,116,none,0.0452,0,stuck_payment
71713.28,71713.28,0.0,64,TD,0.0987,0,no_mismatch
40066.57,37690.8,5.9296,30,none,0.1015,0,wrong_amount
60471.47,60471.47,0.0,68,none,0.1505,0,stuck_payment
58189.53,58189.53,0.0,63,none,0.2153,0,stuck_payment
17500.54,17500.54,0.0,33,TD,0.1359,0,stuck_payment
96128.48,96128.48,0.0,17,BD,0.1101,1,duplicate_charge
45425.12,45425.12,0.0,75,none,0.0554,0,no_mismatch
61066.26,61066.26,0.0,114,none,0.1678,0,stuck_payment
91489.83,91489.83,0.0,94,none,0.0617,0,stuck_payment
73506.9,73506.9,0.0,52,none,0.1214,0,stuck_payment
61130.41,61130.41,0.0,100,none,0.0823,0,stuck_payment
52566.67,67509.23,28.4259,115,none,0.0693,0,wrong_amount
60351.94,60351.94,0.0,98,none,0.0471,0,stuck_payment
1083.37,1105.92,2.0815,7,none,0.168,0,wrong_amount
39949.73,39949.73,0.0,93,none,0.0262,0,wrong_amount
74145.0,74145.0,0.0,110,BD,0.0782,0,stuck_payment
7164.62,7164.62,0.0,3,TD,0.2048,0,no_mismatch
15315.34,15315.34,0.0,70,none,0.018,0,duplicate_charge
43534.4,43534.4,0.0,86,none,0.0483,0,stuck_payment
93988.18,119607.31,27.2578,80,none,0.1658,1,duplicate_charge
18346.88,18346.88,0.0,30,BD,0.2338,0,duplicate_charge
42867.9,42867.9,0.0,14,none,0.0726,0,no_mismatch
40127.81,40127.81,0.0,73,none,0.2085,0,stuck_payment
97280.84,97280.84,0.0,84,none,0.0988,0,stuck_payment
87946.74,70562.45,19.7668,81,none,0.1177,0,stuck_payment
10140.35,10140.35,0.0,74,none,0.1253,0,stuck_payment
65198.58,65198.58,0.0,99,TD,0.2132,0,no_mismatch
79560.73,79560.73,0.0,33,BD,0.0492,0,no_mismatch
7347.01,8803.11,19.8189,109,none,0.0131,0,wrong_amount
49637.22,49637.22,0.0,10,none,0.243,1,wrong_amount
41962.47,41962.47,0.0,98,none,0.2418,0,stuck_payment
33419.24,33419.24,0.0,107,none,0.1833,0,stuck_payment
51612.08,44494.93,13.7897,39,none,0.2045,0,wrong_amount
31119.84,31119.84,0.0,37,none,0.01,0,no_mismatch
43182.07,43182.07,0.0,69,none,0.0409,0,stuck_payment
98645.86,98645.86,0.0,114,BD,0.2109,0,no_mismatch
7714.01,7714.01,0.0,10,none,0.1612,0,wrong_amount
68837.31,68837.31,0.0,46,BD,0.1768,0,no_mismatch
16729.22,16729.22,0.0,45,BD,0.0944,0,no_mismatch
25653.74,25653.74,0.0,10,none,0.095,1,duplicate_charge
34697.04,34697.04,0.0,94,none,0.0329,0,stuck_payment
45243.98,45243.98,0.0,103,none,0.1706,0,stuck_payment
66673.9,66673.9,0.0,7,none,0.2071,1,duplicate_charge
28577.14,28577.14,0.0,115,none,0.013,0,stuck_payment
89289.57,81887.86,8.2896,98,TD,0.2315,0,no_mismatch
15046.17,12609.91,16.1919,76,none,0.1945,0,wrong_amount
73867.72,85252.88,15.4129,88,none,0.1608,0,wrong_amount
2202.07,2202.07,0.0,70,BD,0.104,0,no_mismatch
69811.67,88688.05,27.039,89,none,0.1541,0,wrong_amount
72265.25,72265.25,0.0,54,BD,0.0233,0,no_mismatch
98546.82,98546.82,0.0,109,BD,0.2279,0,no_mismatch
76232.5,76232.5,0.0,63,BD,0.1828,0,no_mismatch
48348.5,48348.5,0.0,77,TD,0.245,0,no_mismatch
59988.57,59988.57,0.0,70,none,0.2074,0,stuck_payment
97910.25,97910.25,0.0,11,BD,0.1734,0,duplicate_charge
81094.61,81094.61,0.0,13,none,0.0762,0,duplicate_charge
4799.86,4224.23,11.9926,85,BD,0.1526,0,no_mismatch
29597.33,29597.33,0.0,88,none,0.0481,1,duplicate_charge
22666.44,22666.44,0.0,87,BD,0.1246,0,no_mismatch
71145.7,71145.7,0.0,93,none,0.1996,0,stuck_payment
67921.72,67921.72,0.0,18,none,0.2249,1,duplicate_charge
75096.43,75096.43,0.0,96,BD,0.1582,0,no_mismatch
24463.7,24463.7,0.0,113,none,0.2029,0,stuck_payment
13313.83,13313.83,0.0,32,none,0.1921,0,no_mismatch
377.33,377.33,0.0,2,BD,0.1022,0,no_mismatch
30190.57,34594.33,14.5865,1,TD,0.1032,0,no_mismatch
33131.35,33131.35,0.0,51,TD,0.1051,0,stuck_payment
82940.58,82940.58,0.0,17,none,0.2229,1,duplicate_charge
63365.41,63365.41,0.0,2,none,0.1511,1,duplicate_charge
21713.92,20942.64,3.552,8,none,0.0669,1,duplicate_charge
36547.16,33670.61,7.8708,89,TD,0.2363,0,no_mismatch
56885.53,56885.53,0.0,47,TD,0.0369,0,no_mismatch
18748.63,18748.63,0.0,7,none,0.138,1,duplicate_charge
86317.72,86317.72,0.0,118,none,0.1283,0,stuck_payment
32235.9,32235.9,0.0,81,none,0.0429,0,stuck_payment
74741.94,74741.94,0.0,37,none,0.2322,0,no_mismatch
9147.24,9147.24,0.0,81,none,0.1824,0,stuck_payment
34851.29,34851.29,0.0,28,TD,0.2114,0,wrong_amount
33084.11,33084.11,0.0,21,none,0.1533,0,no_mismatch
15025.87,15025.87,0.0,64,BD,0.1779,0,no_mismatch
23549.9,23549.9,0.0,14,none,0.2117,0,no_mismatch
42363.41,42363.41,0.0,38,none,0.1637,0,no_mismatch
90189.58,90189.58,0.0,17,TD,0.2019,1,duplicate_charge
50446.39,44778.74,11.235,88,BD,0.1159,0,no_mismatch
63517.36,54045.46,14.9123,41,none,0.0932,0,wrong_amount
6277.65,5795.42,7.6817,27,TD,0.0883,0,no_mismatch
26608.29,26608.29,0.0,34,none,0.0977,1,duplicate_charge
81183.88,81183.88,0.0,118,none,0.0231,0,stuck_payment
12398.51,12398.51,0.0,11,none,0.2338,0,no_mismatch
53198.56,53198.56,0.0,96,none,0.2134,0,stuck_payment
21559.33,21559.33,0.0,114,BD,0.0664,0,no_mismatch
71376.96,71376.96,0.0,81,none,0.1204,0,stuck_payment
790.87,790.87,0.0,7,none,0.2429,0,no_mismatch
69437.09,69437.09,0.0,103,none,0.1401,0,stuck_payment
697.32,697.32,0.0,73,TD,0.0161,0,no_mismatch
48938.0,48938.0,0.0,109,none,0.1756,0,stuck_payment
47957.89,47957.89,0.0,18,TD,0.2496,0,no_mismatch
25981.72,21611.12,16.8218,42,TD,0.0493,0,wrong_amount
80409.04,80409.04,0.0,49,none,0.1525,0,stuck_payment
16617.26,16617.26,0.0,31,none,0.1802,0,no_mismatch
53538.26,53538.26,0.0,19,BD,0.0672,0,no_mismatch
57565.64,57565.64,0.0,1,BD,0.158,0,no_mismatch
79857.79,79857.79,0.0,38,BD,0.2408,0,no_mismatch
7153.15,7153.15,0.0,20,none,0.0122,0,no_mismatch
33206.8,33206.8,0.0,11,none,0.0745,0,wrong_amount
89680.25,114592.98,27.7795,56,none,0.1562,1,duplicate_charge
55156.3,55156.3,0.0,4,BD,0.2098,0,no_mismatch
98469.66,98469.66,0.0,20,TD,0.192,0,no_mismatch
72498.16,75289.07,3.8496,60,none,0.0589,1,duplicate_charge
88681.61,88681.61,0.0,5,none,0.1064,0,no_mismatch
47866.43,47866.43,0.0,57,BD,0.144,1,duplicate_charge
37907.37,30920.32,18.4319,80,none,0.083,0,wrong_amount
8572.95,8572.95,0.0,82,none,0.1799,0,stuck_payment
13314.41,13314.41,0.0,3,none,0.2185,0,wrong_amount
75885.22,75885.22,0.0,55,none,0.0431,0,duplicate_charge
341.79,341.79,0.0,107,TD,0.2123,0,no_mismatch
40543.31,40543.31,0.0,85,none,0.1622,0,stuck_payment
94389.29,94389.29,0.0,102,TD,0.1088,1,duplicate_charge
57410.29,57410.29,0.0,77,none,0.1507,0,wrong_amount
92538.62,92538.62,0.0,90,none,0.1731,0,stuck_payment
83880.42,83880.42,0.0,108,none,0.1995,0,stuck_payment
91398.09,91398.09,0.0,5,none,0.1589,0,no_mismatch
31426.91,31426.91,0.0,77,none,0.1688,0,stuck_payment
41752.9,41752.9,0.0,38,TD,0.0416,0,no_mismatch
59088.71,59088.71,0.0,13,BD,0.0477,0,no_mismatch
70418.49,70418.49,0.0,104,none,0.1685,0,stuck_payment
33021.48,33021.48,0.0,120,none,0.0704,1,duplicate_charge
7416.1,7416.1,0.0,56,none,0.2471,0,stuck_payment
13833.32,16288.78,17.7503,64,none,0.2084,0,wrong_amount
16245.38,16245.38,0.0,60,none,0.1771,1,duplicate_charge
51387.84,51387.84,0.0,19,none,0.0409,0,no_mismatch
64331.71,64331.71,0.0,8,none,0.1412,0,no_mismatch
6832.51,6832.51,0.0,50,none,0.247,0,stuck_payment
72361.33,72361.33,0.0,48,none,0.1222,0,stuck_payment
59985.89,59985.89,0.0,35,none,0.1907,0,wrong_amount
42895.3,42895.3,0.0,35,none,0.2012,0,no_mismatch
67859.25,67859.25,0.0,1,none,0.2159,0,no_mismatch
20212.93,20212.93,0.0,7,none,0.0242,0,no_mismatch
41776.37,41776.37,0.0,17,BD,0.1105,0,no_mismatch
31933.72,31933.72,0.0,65,none,0.0767,0,stuck_payment
92686.23,92686.23,0.0,42,none,0.1921,0,stuck_payment
35271.3,35271.3,0.0,23,TD,0.1134,1,duplicate_charge
5325.08,5325.08,0.0,44,none,0.2042,0,wrong_amount
85598.03,85598.03,0.0,8,none,0.1095,0,no_mismatch
32577.1,41292.63,26.7535,34,BD,0.133,0,no_mismatch
93302.04,70862.45,24.0505,26,none,0.2289,0,wrong_amount
1797.16,1797.16,0.0,108,none,0.1228,1,duplicate_charge
6445.94,5971.12,7.3662,6,none,0.0816,0,wrong_amount
15472.9,15472.9,0.0,83,none,0.0516,0,stuck_payment
33345.18,27227.98,18.3451,4,none,0.1964,0,wrong_amount
7009.4,7009.4,0.0,75,BD,0.1948,0,no_mismatch
82384.88,82384.88,0.0,63,none,0.2306,0,stuck_payment
87776.22,80593.57,8.1829,72,TD,0.0603,0,no_mismatch
27103.15,24518.67,9.5357,60,TD,0.1908,0,stuck_payment
69161.03,69161.03,0.0,66,none,0.0134,0,stuck_payment
64057.96,64057.96,0.0,74,TD,0.0145,0,no_mismatch
82855.86,82855.86,0.0,6,BD,0.2458,1,duplicate_charge
71750.98,71750.98,0.0,19,none,0.2041,1,duplicate_charge
23403.5,17004.79,27.3408,43,none,0.1565,0,wrong_amount
46917.52,46917.52,0.0,20,BD,0.0331,0,no_mismatch
66532.29,66532.29,0.0,69,none,0.097,0,stuck_payment
94867.05,94867.05,0.0,9,none,0.1121,0,no_mismatch
90914.44,90914.44,0.0,21,TD,0.1302,0,no_mismatch
13000.73,13000.73,0.0,101,none,0.2197,0,stuck_payment
80617.49,80617.49,0.0,74,none,0.0687,0,stuck_payment
16914.7,16914.7,0.0,4,none,0.0965,0,no_mismatch
71671.51,71671.51,0.0,22,none,0.2113,0,stuck_payment
51683.74,36454.74,29.4657,90,BD,0.1067,0,no_mismatch
21442.28,21442.28,0.0,118,none,0.0992,0,stuck_payment
53010.14,53010.14,0.0,98,BD,0.1398,0,no_mismatch
77916.05,77916.05,0.0,106,none,0.0916,0,wrong_amount
62323.47,62323.47,0.0,3,none,0.2327,0,no_mismatch
46070.8,37034.63,19.6137,58,none,0.237,1,duplicate_charge
15235.29,13079.61,14.1493,5,none,0.2012,0,wrong_amount
31704.21,31704.21,0.0,103,none,0.1606,0,stuck_payment
67142.77,67142.77,0.0,104,none,0.1172,0,stuck_payment
26023.06,26023.06,0.0,57,none,0.0854,0,stuck_payment
52530.65,52530.65,0.0,113,none,0.1398,0,stuck_payment
84314.99,84314.99,0.0,60,none,0.0947,1,duplicate_charge
49461.84,58083.92,17.4318,66,none,0.1929,0,wrong_amount
16848.06,16848.06,0.0,27,none,0.1421,0,no_mismatch
20615.77,19652.86,4.6707,88,none,0.029,0,wrong_amount
39974.9,38600.68,3.4377,81,none,0.1872,0,wrong_amount
80747.28,103237.04,27.852,109,none,0.193,0,wrong_amount
13468.13,13468.13,0.0,84,none,0.0117,0,stuck_payment
71555.34,71555.34,0.0,77,BD,0.0384,0,no_mismatch
13282.32,13282.32,0.0,19,none,0.0446,0,no_mismatch
89357.21,89357.21,0.0,116,none,0.1691,0,stuck_payment
66169.16,66169.16,0.0,59,none,0.0682,0,duplicate_charge
42130.24,42130.24,0.0,66,none,0.2169,0,stuck_payment
86516.62,86516.62,0.0,25,none,0.1757,1,no_mismatch
48735.16,48735.16,0.0,13,none,0.2116,0,no_mismatch
87997.26,79304.14,9.8789,88,none,0.0864,0,wrong_amount
3370.18,3465.74,2.8355,80,none,0.2205,0,wrong_amount
27457.46,27457.46,0.0,34,BD,0.0982,0,no_mismatch
21002.73,21002.73,0.0,40,BD,0.2231,0,no_mismatch
65174.93,65174.93,0.0,97,TD,0.0644,0,wrong_amount
32338.14,36225.1,12.0197,15,none,0.19,0,wrong_amount
77666.79,77666.79,0.0,96,BD,0.1633,0,no_mismatch
45088.39,45088.39,0.0,7,none,0.0441,0,no_mismatch
30325.06,30325.06,0.0,35,none,0.133,0,no_mismatch
97635.04,97635.04,0.0,38,BD,0.1927,0,no_mismatch
77237.9,77237.9,0.0,55,none,0.2055,1,duplicate_charge
21871.13,19775.43,9.582,98,none,0.1689,0,wrong_amount
35571.22,35571.22,0.0,47,none,0.2301,0,stuck_payment
70359.75,61088.96,13.1763,66,none,0.1443,0,wrong_amount
71095.97,88796.19,24.8962,72,none,0.1793,0,wrong_amount
16451.37,16451.37,0.0,30,TD,0.0317,0,no_mismatch
73665.16,81333.46,10.4097,69,TD,0.1139,0,no_mismatch
94678.75,94678.75,0.0,39,TD,0.1022,0,wrong_amount
25535.35,26473.36,3.6734,70,TD,0.0298,0,stuck_payment
26846.7,26846.7,0.0,119,none,0.1119,0,stuck_payment
33733.34,33733.34,0.0,115,TD,0.1333,1,duplicate_charge
56497.95,70636.09,25.0242,115,none,0.0647,0,wrong_amount
83793.94,83793.94,0.0,50,none,0.0241,0,stuck_payment
81748.11,81748.11,0.0,63,none,0.0791,0,stuck_payment
12933.3,12933.3,0.0,111,BD,0.1072,0,no_mismatch
99692.38,99692.38,0.0,99,none,0.2049,0,stuck_payment
85288.85,85288.85,0.0,120,none,0.148,0,stuck_payment
38508.64,38508.64,0.0,15,none,0.0553,0,no_mismatch
46022.0,46022.0,0.0,49,none,0.1093,0,stuck_payment
249.42,249.42,0.0,96,none,0.0677,0,stuck_payment
95017.98,72400.63,23.8032,18,none,0.2449,0,wrong_amount
58879.47,42988.19,26.9895,93,none,0.1116,0,wrong_amount
42155.5,42155.5,0.0,95,BD,0.1238,0,no_mismatch
7309.47,7977.73,9.1424,16,TD,0.0165,0,no_mismatch
24606.79,24606.79,0.0,9,none,0.2144,0,no_mismatch
43484.67,43484.67,0.0,112,none,0.2053,0,stuck_payment
38434.64,38434.64,0.0,17,none,0.026,0,no_mismatch
75068.76,75068.76,0.0,83,none,0.157,0,stuck_payment
58306.52,61503.25,5.4826,49,none,0.073,1,stuck_payment
60824.81,77745.63,27.8189,1,none,0.1883,0,wrong_amount
6448.23,6448.23,0.0,27,none,0.1976,0,no_mismatch
28925.99,28925.99,0.0,113,none,0.1255,0,stuck_payment
91069.44,91069.44,0.0,1,none,0.1912,0,no_mismatch
6703.86,6703.86,0.0,36,none,0.1873,1,duplicate_charge
68695.11,68695.11,0.0,107,TD,0.0958,0,no_mismatch
69698.56,69698.56,0.0,68,none,0.1515,0,stuck_payment
6446.41,6446.41,0.0,2,TD,0.15,0,no_mismatch
44137.14,44137.14,0.0,55,BD,0.0566,0,no_mismatch
80458.68,80458.68,0.0,8,BD,0.1772,0,no_mismatch
24396.56,24396.56,0.0,75,BD,0.0321,1,duplicate_charge
22961.11,22961.11,0.0,53,TD,0.0349,0,no_mismatch
48639.94,48639.94,0.0,71,none,0.0209,0,stuck_payment
63123.09,63123.09,0.0,39,BD,0.1926,0,no_mismatch
40713.96,40713.96,0.0,108,BD,0.2173,0,no_mismatch
65688.92,65688.92,0.0,104,none,0.0993,0,stuck_payment
70702.2,62127.31,12.1282,24,TD,0.0544,0,no_mismatch
87440.44,87440.44,0.0,89,none,0.2284,1,duplicate_charge
32711.45,32711.45,0.0,22,TD,0.0329,0,no_mismatch
15424.91,15424.91,0.0,62,BD,0.0856,0,no_mismatch
73879.68,73879.68,0.0,3,BD,0.2164,0,no_mismatch
25059.89,25059.89,0.0,67,BD,0.0426,0,no_mismatch
3832.09,3832.09,0.0,30,none,0.1509,0,duplicate_charge
17692.47,17692.47,0.0,18,none,0.0329,0,no_mismatch
61433.53,60040.66,2.2673,33,none,0.0602,0,wrong_amount
19325.06,19325.06,0.0,47,TD,0.1009,0,no_mismatch
79681.05,97201.68,21.9885,43,none,0.1088,0,wrong_amount
12711.42,12711.42,0.0,65,none,0.1954,0,stuck_payment
44327.57,44327.57,0.0,23,TD,0.1329,0,no_mismatch
26835.51,26835.51,0.0,94,none,0.2382,0,stuck_payment
75060.38,75060.38,0.0,61,none,0.2181,0,stuck_payment
66220.91,66220.91,0.0,81,none,0.1592,0,stuck_payment
35685.52,35685.52,0.0,12,none,0.0526,0,no_mismatch
95985.62,95985.62,0.0,43,none,0.0259,0,stuck_payment
89732.82,89732.82,0.0,48,none,0.2194,0,stuck_payment
61996.89,61996.89,0.0,39,BD,0.1235,0,no_mismatch
21995.63,21995.63,0.0,75,none,0.0482,0,stuck_payment
77767.72,77767.72,0.0,119,none,0.1142,0,stuck_payment
23409.19,23409.19,0.0,75,none,0.1779,0,stuck_payment
76212.74,76212.74,0.0,74,none,0.0914,0,stuck_payment
29034.65,29034.65,0.0,91,none,0.1032,0,stuck_payment
15158.38,12998.6,14.2481,83,none,0.1648,0,wrong_amount
95095.12,95095.12,0.0,71,none,0.0878,0,stuck_payment
65968.93,65968.93,0.0,43,none,0.113,0,stuck_payment
2710.81,2710.81,0.0,51,none,0.0453,0,stuck_payment
59064.75,59064.75,0.0,78,none,0.1921,0,stuck_payment
7808.68,5792.86,25.8151,13,none,0.1976,0,wrong_amount
69494.36,74599.68,7.3464,104,TD,0.0414,1,duplicate_charge
69144.22,69144.22,0.0,99,BD,0.0329,0,no_mismatch
42418.87,42418.87,0.0,71,none,0.0146,0,stuck_payment
38721.09,38721.09,0.0,27,BD,0.245,0,no_mismatch
39883.37,49075.29,23.047,51,TD,0.1642,0,no_mismatch
74891.66,74891.66,0.0,82,TD,0.2122,0,wrong_amount
75090.2,75090.2,0.0,105,TD,0.0361,0,no_mismatch
93081.7,93081.7,0.0,76,none,0.0821,0,stuck_payment
82083.88,82083.88,0.0,109,none,0.2484,0,stuck_payment
64238.91,64238.91,0.0,50,none,0.1461,1,duplicate_charge
41058.8,41058.8,0.0,4,none,0.2234,0,no_mismatch
32930.79,32930.79,0.0,5,BD,0.1035,0,no_mismatch
78548.2,78548.2,0.0,15,none,0.1824,0,no_mismatch
27283.65,27283.65,0.0,98,none,0.0567,0,stuck_payment
97209.08,97209.08,0.0,118,none,0.21,0,stuck_payment
20591.34,20591.34,0.0,69,none,0.0775,0,stuck_payment
54594.98,54594.98,0.0,12,none,0.2392,0,no_mismatch
49413.02,49413.02,0.0,10,none,0.2281,1,duplicate_charge
40105.62,40105.62,0.0,75,none,0.1517,0,stuck_payment
77188.74,69973.59,9.3474,115,none,0.0461,0,wrong_amount
88181.85,88181.85,0.0,119,BD,0.2298,0,no_mismatch
74824.17,60887.54,18.6258,32,TD,0.0393,0,no_mismatch
20137.16,20137.16,0.0,96,none,0.0826,0,stuck_payment
15678.04,14175.79,9.5819,55,BD,0.1247,0,no_mismatch
9707.22,9707.22,0.0,119,none,0.0593,0,stuck_payment
5970.19,5970.19,0.0,62,BD,0.1785,1,wrong_amount
49601.69,49601.69,0.0,18,none,0.0335,0,no_mismatch
92629.66,92629.66,0.0,18,none,0.1213,0,duplicate_charge
16241.04,16241.04,0.0,72,none,0.0312,1,duplicate_charge
13338.75,13338.75,0.0,109,none,0.0861,0,stuck_payment
93395.27,67353.72,27.8832,56,none,0.1324,0,wrong_amount
29526.95,29526.95,0.0,78,BD,0.143,0,no_mismatch
3847.17,3847.17,0.0,39,none,0.0367,0,no_mismatch
12299.21,12299.21,0.0,37,TD,0.1639,0,no_mismatch
28467.49,22403.74,21.3006,118,none,0.0896,0,wrong_amount
66379.6,66379.6,0.0,24,none,0.1076,0,no_mismatch
34504.96,37850.98,9.6972,95,none,0.028,0,wrong_amount
36392.09,36392.09,0.0,104,BD,0.1798,0,no_mismatch
59761.35,59761.35,0.0,67,none,0.2284,0,stuck_payment
60490.45,60490.45,0.0,77,TD,0.024,0,no_mismatch
59125.62,59125.62,0.0,94,none,0.1183,0,stuck_payment
91709.75,91709.75,0.0,47,none,0.0811,0,stuck_payment
99053.25,99053.25,0.0,93,BD,0.0475,0,no_mismatch
76066.12,76066.12,0.0,47,BD,0.1019,1,duplicate_charge
2353.28,2561.59,8.8519,15,none,0.0112,0,wrong_amount
50973.48,50973.48,0.0,54,none,0.0726,0,stuck_payment
51243.94,51243.94,0.0,14,none,0.0108,0,no_mismatch
81291.81,81291.81,0.0,77,BD,0.0753,0,no_mismatch
75993.66,75993.66,0.0,69,BD,0.1232,0,no_mismatch
50200.07,44910.73,10.5365,18,TD,0.1425,0,no_mismatch
55651.03,55651.03,0.0,69,TD,0.0884,0,no_mismatch
19341.22,19341.22,0.0,76,none,0.0177,0,stuck_payment
3997.47,3997.47,0.0,35,none,0.2026,0,no_mismatch
89001.69,85917.93,3.4648,45,none,0.2083,0,stuck_payment
31510.41,31510.41,0.0,100,none,0.2326,0,stuck_payment
64348.54,64348.54,0.0,119,none,0.2,0,stuck_payment
11854.25,11854.25,0.0,86,none,0.1275,0,duplicate_charge
59919.62,59919.62,0.0,31,BD,0.2324,1,duplicate_charge
7371.51,7371.51,0.0,14,none,0.2284,0,no_mismatch
33009.89,33009.89,0.0,79,none,0.1922,0,stuck_payment
51102.81,51102.81,0.0,120,none,0.0791,0,stuck_payment
80006.76,80006.76,0.0,114,none,0.1421,0,stuck_payment
64191.79,64191.79,0.0,119,none,0.0154,0,stuck_payment
34500.85,34500.85,0.0,72,none,0.2423,0,stuck_payment
22811.71,22811.71,0.0,99,BD,0.045,0,no_mismatch
66099.27,66099.27,0.0,92,none,0.2335,0,stuck_payment
82219.73,82219.73,0.0,74,BD,0.2054,0,no_mismatch
95786.38,95786.38,0.0,101,none,0.1473,0,stuck_payment
2183.5,2183.5,0.0,24,none,0.1868,0,no_mismatch
60314.01,60314.01,0.0,82,BD,0.0815,0,no_mismatch
52030.21,52030.21,0.0,55,BD,0.026,1,stuck_payment
33222.79,33222.79,0.0,30,none,0.0756,0,no_mismatch
4418.81,4418.81,0.0,19,none,0.0324,0,no_mismatch
66421.83,54709.67,17.633,18,none,0.1624,0,wrong_amount
19525.68,19525.68,0.0,79,none,0.1636,0,stuck_payment
29646.52,29646.52,0.0,100,none,0.2163,0,stuck_payment
80290.47,80290.47,0.0,69,TD,0.0542,0,no_mismatch
90105.32,81955.09,9.0452,99,BD,0.0292,0,no_mismatch
30850.64,30850.64,0.0,44,TD,0.2195,0,no_mismatch
32830.05,32830.05,0.0,59,TD,0.2396,0,no_mismatch
38478.85,38478.85,0.0,73,none,0.0136,0,stuck_payment
36955.37,25904.79,29.9025,29,none,0.1589,0,wrong_amount
60018.4,60018.4,0.0,120,TD,0.0298,0,no_mismatch
92170.1,81472.0,11.6069,36,BD,0.2088,0,no_mismatch
39291.77,39291.77,0.0,89,none,0.0318,0,stuck_payment
48588.76,48588.76,0.0,77,BD,0.0414,0,no_mismatch
40786.36,40786.36,0.0,99,TD,0.0386,0,no_mismatch
59074.99,59074.99,0.0,49,none,0.124,0,stuck_payment
594.93,594.93,0.0,17,none,0.1904,0,no_mismatch
12198.89,12198.89,0.0,21,none,0.0825,0,wrong_amount
82150.23,85878.0,4.5377,13,none,0.0217,0,wrong_amount
64334.4,64334.4,0.0,80,TD,0.155,1,duplicate_charge
6273.24,6315.02,0.666,56,BD,0.0451,0,no_mismatch
37719.64,37719.64,0.0,36,none,0.0254,0,no_mismatch
35454.35,35454.35,0.0,1,none,0.149,0,no_mismatch
89861.96,89861.96,0.0,37,none,0.0926,0,no_mismatch
21797.8,21797.8,0.0,11,none,0.1662,0,no_mismatch
91613.3,91613.3,0.0,10,TD,0.1004,0,no_mismatch
28865.19,28865.19,0.0,2,none,0.0384,0,no_mismatch
75718.01,61764.03,18.4289,118,BD,0.1183,0,no_mismatch
96922.73,96922.73,0.0,44,BD,0.0524,0,no_mismatch
89643.44,89643.44,0.0,17,BD,0.1481,0,no_mismatch
82154.55,82154.55,0.0,62,none,0.1076,1,duplicate_charge
72163.99,69304.44,3.9626,87,BD,0.1248,0,no_mismatch
92743.35,110249.94,18.8764,81,none,0.0905,0,wrong_amount
19922.41,19922.41,0.0,70,none,0.0473,0,stuck_payment
37917.22,37917.22,0.0,93,TD,0.133,0,no_mismatch
91170.32,83345.36,8.5828,78,none,0.0152,1,duplicate_charge
74671.12,74671.12,0.0,44,none,0.069,0,stuck_payment
56503.47,56503.47,0.0,112,TD,0.1773,0,no_mismatch
26039.34,26039.34,0.0,85,none,0.2143,0,stuck_payment
20948.31,20948.31,0.0,97,none,0.1813,0,stuck_payment
65945.18,65945.18,0.0,88,none,0.0922,1,duplicate_charge
98544.62,98544.62,0.0,118,none,0.0199,1,duplicate_charge
27551.61,27551.61,0.0,105,none,0.0947,0,stuck_payment
39352.64,34097.13,13.3549,112,none,0.0253,0,wrong_amount
18389.56,18389.56,0.0,45,TD,0.2039,0,no_mismatch
95023.21,95023.21,0.0,51,none,0.1903,0,stuck_payment
97745.04,97745.04,0.0,57,none,0.1513,0,wrong_amount
27940.34,27940.34,0.0,37,none,0.2093,1,duplicate_charge
40738.92,40810.97,0.1769,75,BD,0.1462,0,no_mismatch
53429.8,53429.8,0.0,15,BD,0.1713,0,no_mismatch
76614.97,76614.97,0.0,113,none,0.1281,0,stuck_payment
23218.36,23218.36,0.0,3,none,0.1502,0,no_mismatch
68513.0,68513.0,0.0,18,BD,0.1481,0,no_mismatch
86880.79,86880.79,0.0,116,BD,0.0454,0,no_mismatch
89308.66,89308.66,0.0,110,none,0.2151,0,no_mismatch
69933.22,69933.22,0.0,45,none,0.1835,0,stuck_payment
87734.34,87734.34,0.0,111,none,0.1775,1,duplicate_charge
2520.31,2520.31,0.0,79,none,0.0325,0,stuck_payment
68095.37,68095.37,0.0,19,none,0.0563,0,no_mismatch
88095.01,88095.01,0.0,119,none,0.1788,0,stuck_payment
71805.0,71805.0,0.0,52,none,0.1169,0,stuck_payment
40758.91,40758.91,0.0,18,none,0.1981,0,no_mismatch
42691.22,41827.54,2.0231,114,none,0.0464,0,wrong_amount
84117.05,84117.05,0.0,93,none,0.0801,0,stuck_payment
12737.37,12737.37,0.0,99,none,0.1404,0,stuck_payment
75298.53,75298.53,0.0,58,none,0.1014,0,stuck_payment
50999.93,50999.93,0.0,89,none,0.1073,0,stuck_payment
63849.93,63849.93,0.0,49,BD,0.0905,0,no_mismatch
60698.3,60698.3,0.0,56,none,0.1539,1,duplicate_charge
98538.63,98538.63,0.0,36,none,0.2101,0,no_mismatch
18860.94,18860.94,0.0,48,none,0.0325,0,stuck_payment
21593.38,17362.35,19.5941,10,BD,0.0896,0,no_mismatch
47571.83,47571.83,0.0,68,none,0.2247,0,stuck_payment
54135.25,38679.72,28.5498,37,TD,0.0264,0,no_mismatch
27266.73,30585.69,12.1722,10,none,0.2101,0,wrong_amount
63467.11,53659.97,15.4523,62,none,0.0867,0,wrong_amount
19788.79,19788.79,0.0,2,BD,0.1068,0,no_mismatch
38205.17,38205.17,0.0,63,none,0.1182,0,stuck_payment
9211.93,9211.93,0.0,5,TD,0.121,0,no_mismatch
10360.48,10360.48,0.0,68,none,0.165,0,stuck_payment
70202.5,70202.5,0.0,14,none,0.2327,0,no_mismatch
79903.43,79903.43,0.0,15,BD,0.1471,0,no_mismatch
38599.47,38599.47,0.0,95,none,0.0585,0,stuck_payment
41440.94,41440.94,0.0,6,none,0.2176,0,no_mismatch
97906.17,97906.17,0.0,25,TD,0.1645,1,duplicate_charge
34842.97,34842.97,0.0,91,BD,0.0987,0,stuck_payment
24017.6,24017.6,0.0,84,none,0.1927,0,duplicate_charge
16006.31,16006.31,0.0,19,BD,0.2273,0,no_mismatch
33581.59,40445.85,20.4405,119,none,0.1415,0,wrong_amount
20880.95,20880.95,0.0,100,TD,0.0464,0,no_mismatch
20530.4,20530.4,0.0,60,TD,0.1909,0,no_mismatch
56061.54,56061.54,0.0,33,none,0.1631,0,no_mismatch
71041.03,73722.61,3.7747,39,none,0.2424,1,duplicate_charge
54482.41,54482.41,0.0,118,BD,0.2299,0,no_mismatch
12593.66,12593.66,0.0,2,none,0.1937,0,no_mismatch
86516.41,86516.41,0.0,62,none,0.1226,0,wrong_amount
95017.63,120068.76,26.3647,18,none,0.1764,0,duplicate_charge
50445.04,50445.04,0.0,1,none,0.0248,0,no_mismatch
8386.12,10467.59,24.8204,19,TD,0.172,0,no_mismatch
88855.95,88855.95,0.0,45,none,0.126,0,stuck_payment
66255.29,66255.29,0.0,13,none,0.2102,0,no_mismatch
90338.78,90338.78,0.0,87,none,0.1614,0,stuck_payment
36539.98,36539.98,0.0,45,none,0.1066,0,stuck_payment
29669.96,29669.96,0.0,93,none,0.1358,0,stuck_payment
28828.45,28828.45,0.0,3,none,0.098,0,no_mismatch
82429.59,82429.59,0.0,18,none,0.1012,0,no_mismatch
19708.04,19708.04,0.0,26,none,0.0538,0,wrong_amount
57987.6,57987.6,0.0,32,none,0.1788,0,no_mismatch
36248.39,36248.39,0.0,86,TD,0.022,0,no_mismatch
49334.89,49334.89,0.0,15,BD,0.2367,1,duplicate_charge
70239.69,61874.27,11.9098,54,BD,0.1309,0,no_mismatch
34930.04,34930.04,0.0,27,none,0.2127,0,no_mismatch
59827.55,59827.55,0.0,118,none,0.063,0,stuck_payment
50089.33,50089.33,0.0,63,none,0.154,0,stuck_payment
57088.46,57088.46,0.0,12,none,0.1023,0,no_mismatch
71116.97,71116.97,0.0,82,none,0.0781,0,stuck_payment
81250.07,86312.78,6.231,89,BD,0.1678,0,stuck_payment
14710.64,14710.64,0.0,40,none,0.0899,0,no_mismatch
59265.24,46452.93,21.6186,38,BD,0.2046,0,no_mismatch
73490.28,73490.28,0.0,3,none,0.1694,1,duplicate_charge
66687.32,66687.32,0.0,3,none,0.1514,0,no_mismatch
33858.25,33858.25,0.0,19,none,0.0375,0,no_mismatch
20371.53,16429.5,19.3507,31,none,0.111,0,wrong_amount
21785.34,21785.34,0.0,98,none,0.0582,1,duplicate_charge
90716.74,89689.33,1.1325,68,none,0.1513,1,duplicate_charge
44392.39,44440.68,0.1088,110,none,0.2421,0,wrong_amount
64405.35,64405.35,0.0,43,none,0.0769,0,stuck_payment
88090.04,88090.04,0.0,24,none,0.0221,0,no_mismatch
5031.96,5031.96,0.0,29,none,0.1101,1,duplicate_charge
77054.41,77054.41,0.0,69,none,0.0159,0,wrong_amount
8326.51,8326.51,0.0,87,none,0.1348,0,stuck_payment
98415.79,98415.79,0.0,39,none,0.2246,0,no_mismatch
76933.44,76933.44,0.0,112,none,0.1823,1,duplicate_charge
82838.05,82838.05,0.0,5,none,0.1734,0,no_mismatch
67466.88,67466.88,0.0,2,none,0.1138,0,no_mismatch
60505.56,60505.56,0.0,38,none,0.0327,0,no_mismatch
12566.72,12566.72,0.0,86,none,0.0659,0,stuck_payment
73371.31,73371.31,0.0,4,none,0.0349,0,no_mismatch
42771.37,42771.37,0.0,13,none,0.1249,0,no_mismatch
12614.0,12614.0,0.0,104,none,0.1082,0,stuck_payment
54520.22,54520.22,0.0,86,none,0.0311,0,stuck_payment
87921.87,87921.87,0.0,21,none,0.1064,0,no_mismatch
18489.14,18489.14,0.0,57,none,0.1759,1,duplicate_charge
69953.77,56447.13,19.308,51,none,0.088,0,wrong_amount
91685.99,91685.99,0.0,115,none,0.2422,1,duplicate_charge
29214.25,29214.25,0.0,104,none,0.1385,0,stuck_payment
34205.7,34205.7,0.0,60,TD,0.0875,0,no_mismatch
49650.96,49650.96,0.0,71,none,0.2289,0,stuck_payment
74231.0,73576.95,0.8811,118,none,0.2344,0,wrong_amount
44137.59,44137.59,0.0,100,none,0.1259,0,stuck_payment
57208.55,57208.55,0.0,18,none,0.2378,0,no_mismatch
39708.52,39708.52,0.0,69,none,0.0293,0,stuck_payment
97701.86,97701.86,0.0,6,BD,0.1664,0,no_mismatch
535.84,535.84,0.0,34,TD,0.179,0,no_mismatch
94794.63,94794.63,0.0,114,none,0.1635,0,stuck_payment
62683.29,62683.29,0.0,100,BD,0.0571,0,no_mismatch
73135.53,59233.12,19.0091,83,none,0.2105,1,no_mismatch
27596.18,27596.18,0.0,3,none,0.1644,0,no_mismatch
99546.81,124960.72,25.5296,78,TD,0.0386,0,no_mismatch
38505.73,38505.73,0.0,2,none,0.1296,0,duplicate_charge
94047.97,94047.97,0.0,101,TD,0.1024,0,no_mismatch
13975.39,13975.39,0.0,74,none,0.0674,0,duplicate_charge
73504.23,73504.23,0.0,4,none,0.0884,0,no_mismatch
69068.92,69068.92,0.0,98,TD,0.1038,0,no_mismatch
59796.39,59796.39,0.0,87,none,0.129,1,duplicate_charge
38104.9,38104.9,0.0,101,TD,0.165,0,no_mismatch
37330.5,37330.5,0.0,93,BD,0.1014,0,no_mismatch
54942.41,54942.41,0.0,106,none,0.2326,0,stuck_payment
66659.08,66659.08,0.0,65,TD,0.0812,0,no_mismatch
22941.23,22941.23,0.0,46,none,0.2367,0,stuck_payment
85482.13,85482.13,0.0,28,none,0.104,0,wrong_amount
31387.66,39492.19,25.8208,61,none,0.123,0,wrong_amount
90119.1,90119.1,0.0,21,none,0.1661,0,no_mismatch
61047.39,61047.39,0.0,107,none,0.0822,0,duplicate_charge
72907.14,72907.14,0.0,89,none,0.1385,0,stuck_payment
76339.58,76339.58,0.0,41,none,0.0967,0,stuck_payment
59628.48,59628.48,0.0,52,none,0.1859,1,duplicate_charge
45842.78,45842.78,0.0,118,none,0.1548,0,stuck_payment
4663.27,4663.27,0.0,30,none,0.1276,0,no_mismatch
97213.74,97213.74,0.0,82,none,0.0929,0,stuck_payment
68593.95,68593.95,0.0,119,BD,0.1112,0,no_mismatch
99281.4,98135.18,1.1545,89,none,0.0112,0,wrong_amount
2413.65,2821.27,16.8881,27,none,0.2223,0,wrong_amount
46453.12,46453.12,0.0,88,none,0.1743,0,wrong_amount
75084.62,75084.62,0.0,107,none,0.0551,0,stuck_payment
72515.86,75611.03,4.2683,74,BD,0.2485,0,wrong_amount
35861.18,35861.18,0.0,105,TD,0.1423,0,no_mismatch
38092.39,30460.19,20.036,89,BD,0.0972,0,no_mismatch
19324.64,19324.64,0.0,45,none,0.0921,1,duplicate_charge
63228.88,63228.88,0.0,6,none,0.2077,0,no_mismatch
58501.57,58501.57,0.0,11,none,0.2265,0,no_mismatch
82896.85,82896.85,0.0,88,TD,0.1189,1,duplicate_charge
76510.39,72229.35,5.5954,54,none,0.0694,0,wrong_amount
9637.29,9637.29,0.0,109,BD,0.0862,0,no_mismatch
96335.94,96335.94,0.0,98,none,0.05,0,stuck_payment
88308.72,99550.51,12.7301,68,BD,0.2442,0,no_mismatch
39286.27,31961.72,18.644,55,none,0.0301,0,stuck_payment
24125.84,24125.84,0.0,31,none,0.1535,0,stuck_payment
43639.08,43639.08,0.0,8,none,0.0178,0,no_mismatch
61592.97,61592.97,0.0,19,none,0.04,0,duplicate_charge
72385.14,72385.14,0.0,87,none,0.2374,0,stuck_payment
21609.77,21609.77,0.0,106,none,0.2307,0,stuck_payment
3943.98,3943.98,0.0,109,none,0.1678,0,wrong_amount
5812.71,5812.71,0.0,105,TD,0.0815,1,duplicate_charge
67984.24,67984.24,0.0,101,none,0.0357,0,stuck_payment
47190.93,47190.93,0.0,57,none,0.0544,0,stuck_payment
11108.89,11108.89,0.0,76,BD,0.0785,0,no_mismatch
89540.48,89540.48,0.0,91,TD,0.0818,0,no_mismatch
61542.2,61542.2,0.0,102,BD,0.0192,0,no_mismatch
15762.64,15762.64,0.0,62,none,0.1728,0,stuck_payment
1678.39,1973.13,17.5609,78,BD,0.2268,0,no_mismatch
80908.9,80908.9,0.0,28,none,0.1322,0,no_mismatch
14211.33,14211.33,0.0,96,BD,0.1308,0,wrong_amount
61893.46,50869.14,17.8118,51,none,0.0281,0,wrong_amount
21861.34,21861.34,0.0,100,none,0.1955,0,stuck_payment
56531.52,56531.52,0.0,63,BD,0.1644,0,duplicate_charge
59526.2,59526.2,0.0,94,BD,0.2172,1,duplicate_charge
27488.99,20818.34,24.2666,1,BD,0.1651,0,no_mismatch
52122.23,52122.23,0.0,72,none,0.2229,0,stuck_payment
31036.89,31036.89,0.0,8,TD,0.0859,0,no_mismatch
76147.12,61330.66,19.4577,35,BD,0.1974,0,no_mismatch
27386.94,27386.94,0.0,59,none,0.0814,1,duplicate_charge
71127.24,54295.31,23.6645,6,BD,0.0685,0,no_mismatch
13303.03,13497.41,1.4612,13,TD,0.0774,1,duplicate_charge
54594.66,54545.81,0.0895,69,none,0.0506,0,wrong_amount
17463.88,17463.88,0.0,95,TD,0.1855,0,no_mismatch
67244.63,67244.63,0.0,93,none,0.1087,0,stuck_payment
1002.86,1002.86,0.0,87,none,0.0306,0,stuck_payment
47940.52,47940.52,0.0,49,none,0.1218,0,stuck_payment
70672.44,70672.44,0.0,55,none,0.0211,1,duplicate_charge
13027.21,13027.21,0.0,92,BD,0.0221,0,no_mismatch
982.61,1054.54,7.3203,112,none,0.2007,0,duplicate_charge
83811.19,83811.19,0.0,24,TD,0.0115,0,no_mismatch
76498.31,76498.31,0.0,75,none,0.1593,0,stuck_payment
30462.83,30462.83,0.0,47,none,0.1234,0,stuck_payment
34477.3,34477.3,0.0,15,none,0.1188,0,no_mismatch
23709.1,23709.1,0.0,88,none,0.1751,0,stuck_payment
50097.55,50097.55,0.0,109,none,0.1503,0,stuck_payment
13533.75,13533.75,0.0,107,none,0.1963,0,stuck_payment
94001.57,94001.57,0.0,64,TD,0.0336,0,no_mismatch
85222.05,85222.05,0.0,37,none,0.0212,0,no_mismatch
21819.8,21819.8,0.0,92,none,0.0793,0,stuck_payment
6977.87,6977.87,0.0,51,none,0.0522,0,stuck_payment
72779.37,52006.02,28.5429,10,none,0.1099,1,duplicate_charge
29889.21,29889.21,0.0,14,none,0.0809,0,stuck_payment
60136.45,60136.45,0.0,95,none,0.2229,0,stuck_payment
47971.86,47971.86,0.0,50,none,0.1393,0,stuck_payment
59356.21,59356.21,0.0,119,BD,0.1006,0,stuck_payment
96132.99,88106.01,8.3499,63,none,0.2309,0,stuck_payment
72920.76,72920.76,0.0,11,none,0.1484,0,no_mismatch
95213.65,95213.65,0.0,91,none,0.1525,0,stuck_payment
16849.95,16849.95,0.0,50,none,0.0635,1,duplicate_charge
90793.5,70560.09,22.2851,75,BD,0.1404,0,no_mismatch
51404.94,51404.94,0.0,16,none,0.0149,0,wrong_amount
44690.37,44690.37,0.0,52,none,0.2135,0,stuck_payment
67746.8,67746.8,0.0,94,none,0.1845,0,wrong_amount
83279.81,83279.81,0.0,37,none,0.1177,0,no_mismatch
31640.81,31640.81,0.0,18,BD,0.0398,0,stuck_payment
85381.36,85381.36,0.0,54,none,0.1871,0,stuck_payment
53500.26,38405.33,28.2147,56,BD,0.0607,0,no_mismatch
85430.18,85430.18,0.0,41,none,0.0684,0,stuck_payment
20091.61,23686.67,17.8933,107,none,0.2063,0,wrong_amount
75354.12,88843.29,17.901,28,none,0.1445,1,no_mismatch
57438.48,57438.48,0.0,68,none,0.1805,0,stuck_payment
88717.24,74600.05,15.9126,90,BD,0.1933,0,no_mismatch
1395.51,1810.45,29.7339,25,none,0.1769,0,wrong_amount
22258.16,22258.16,0.0,25,none,0.0389,0,no_mismatch
7780.49,7780.49,0.0,68,none,0.1488,0,duplicate_charge
4636.36,4636.36,0.0,107,BD,0.1243,0,no_mismatch
35789.99,35789.99,0.0,67,none,0.1308,0,stuck_payment
42167.69,42167.69,0.0,112,TD,0.1534,0,no_mismatch
75874.59,86842.68,14.4556,94,TD,0.1617,0,wrong_amount
32283.45,32283.45,0.0,44,BD,0.2041,1,duplicate_charge
60059.87,60059.87,0.0,42,none,0.2208,0,stuck_payment
84319.97,84319.97,0.0,107,TD,0.1284,0,no_mismatch
18032.46,18032.46,0.0,105,none,0.0537,0,duplicate_charge
81128.7,67936.72,16.2606,74,none,0.0959,1,duplicate_charge
20870.13,20870.13,0.0,33,none,0.0325,0,no_mismatch
77620.49,77620.49,0.0,2,none,0.2022,0,no_mismatch
52179.51,52179.51,0.0,100,none,0.0211,0,stuck_payment
69606.78,69606.78,0.0,113,none,0.1392,0,stuck_payment
27828.75,27828.75,0.0,72,none,0.1567,0,stuck_payment
70291.56,70291.56,0.0,82,none,0.0552,0,stuck_payment
76067.43,66928.24,12.0146,9,none,0.0618,0,wrong_amount
19291.74,19291.74,0.0,4,none,0.0427,0,no_mismatch
22713.65,22713.65,0.0,2,none,0.0533,0,no_mismatch
17247.92,21651.38,25.5304,13,none,0.1361,0,wrong_amount
72212.22,72212.22,0.0,8,none,0.229,0,no_mismatch
23545.38,23545.38,0.0,116,BD,0.224,1,duplicate_charge
79111.18,79111.18,0.0,22,TD,0.2433,0,no_mismatch
27148.04,27148.04,0.0,86,BD,0.1764,0,no_mismatch
83694.73,83694.73,0.0,90,none,0.1154,0,stuck_payment
89455.11,107390.5,20.0496,85,BD,0.0907,0,no_mismatch
905.63,905.63,0.0,37,BD,0.1288,0,no_mismatch
53961.26,53961.26,0.0,115,TD,0.0193,0,no_mismatch
63665.12,63665.12,0.0,42,none,0.1743,0,stuck_payment
50906.23,50906.23,0.0,50,none,0.1702,0,stuck_payment
7152.85,7152.85,0.0,41,none,0.158,0,stuck_payment
57832.93,57832.93,0.0,5,none,0.0519,0,no_mismatch
71141.39,71141.39,0.0,85,none,0.1116,0,stuck_payment
16871.31,16871.31,0.0,30,none,0.0324,0,wrong_amount
83492.96,83492.96,0.0,70,none,0.056,0,duplicate_charge
83593.89,83593.89,0.0,101,none,0.0404,0,stuck_payment
85880.31,85880.31,0.0,49,none,0.0526,0,stuck_payment
27088.87,20538.97,24.1793,31,TD,0.1234,0,no_mismatch
95710.92,95710.92,0.0,56,none,0.0711,1,duplicate_charge
43522.31,43522.31,0.0,104,TD,0.0782,0,no_mismatch
17741.85,17741.85,0.0,18,none,0.0924,0,no_mismatch
20499.82,20499.82,0.0,3,none,0.0934,0,no_mismatch
85271.22,85271.22,0.0,120,none,0.1592,0,stuck_payment
27270.74,27270.74,0.0,62,none,0.2178,0,stuck_payment
42749.31,42749.31,0.0,112,none,0.078,0,stuck_payment
60133.88,60133.88,0.0,61,none,0.0208,0,stuck_payment
80276.52,80276.52,0.0,1,BD,0.1521,0,no_mismatch
27469.48,27469.48,0.0,59,TD,0.0759,0,no_mismatch
72999.61,72999.61,0.0,86,none,0.2411,0,stuck_payment
58945.38,58945.38,0.0,34,none,0.1081,0,no_mismatch
70057.98,70057.98,0.0,3,none,0.218,0,no_mismatch
5243.88,5243.88,0.0,80,none,0.0297,1,duplicate_charge
75895.88,75895.88,0.0,34,none,0.2383,0,no_mismatch
44858.29,44858.29,0.0,62,none,0.1105,0,stuck_payment
105.15,105.15,0.0,70,none,0.1114,1,duplicate_charge
9682.6,9682.6,0.0,38,TD,0.2228,0,no_mismatch
20520.58,20520.58,0.0,48,none,0.1635,0,stuck_payment
51760.58,66922.39,29.2922,42,none,0.014,0,wrong_amount
40955.18,40955.18,0.0,74,none,0.065,0,stuck_payment
4651.56,4651.56,0.0,96,none,0.2263,0,stuck_payment
43519.89,43519.89,0.0,90,none,0.0503,0,stuck_payment
44625.69,44625.69,0.0,5,none,0.0893,0,no_mismatch
68280.64,68280.64,0.0,42,none,0.2498,0,duplicate_charge
17325.72,17325.72,0.0,107,none,0.2483,1,duplicate_charge
41186.08,41186.08,0.0,67,none,0.1475,0,stuck_payment
40779.67,40779.67,0.0,7,none,0.057,0,no_mismatch
22151.4,22151.4,0.0,11,BD,0.0291,0,stuck_payment
43983.57,43983.57,0.0,77,none,0.242,0,stuck_payment
20918.78,20918.78,0.0,83,none,0.2163,0,stuck_payment
86835.86,86835.86,0.0,59,none,0.1003,0,stuck_payment
89164.2,89164.2,0.0,54,BD,0.2369,0,no_mismatch
21641.63,21641.63,0.0,37,TD,0.1528,0,no_mismatch
78110.21,78110.21,0.0,95,none,0.0658,0,stuck_payment
67459.1,71959.74,6.6717,87,none,0.1244,0,wrong_amount
90227.42,90227.42,0.0,29,none,0.2226,0,no_mismatch
86652.06,86652.06,0.0,114,none,0.172,0,stuck_payment
38873.61,38873.61,0.0,57,none,0.1772,0,stuck_payment
90182.71,90182.71,0.0,114,none,0.2053,0,stuck_payment
49629.95,49629.95,0.0,48,none,0.1742,0,stuck_payment
94100.81,94100.81,0.0,92,none,0.151,0,stuck_payment
44667.9,44667.9,0.0,33,none,0.2186,0,no_mismatch
78422.42,78422.42,0.0,60,none,0.1241,1,duplicate_charge
87224.72,109900.92,25.9974,60,none,0.084,0,wrong_amount
20052.15,21960.33,9.5161,99,TD,0.1965,1,wrong_amount
58877.22,58877.22,0.0,83,none,0.147,0,stuck_payment
3446.36,3446.36,0.0,51,none,0.1315,0,stuck_payment
29121.42,29121.42,0.0,32,none,0.2401,0,no_mismatch
65756.79,65756.79,0.0,44,none,0.2293,0,stuck_payment
13100.35,13100.35,0.0,5,none,0.2297,0,no_mismatch
1446.53,1446.53,0.0,34,none,0.2153,0,no_mismatch
7960.27,8547.33,7.3749,75,none,0.1698,0,wrong_amount
7871.88,7871.88,0.0,98,none,0.1462,0,no_mismatch
83371.45,83371.45,0.0,12,none,0.1739,0,no_mismatch
21582.14,21582.14,0.0,101,none,0.1064,1,duplicate_charge
73043.61,73043.61,0.0,55,none,0.1326,0,stuck_payment
40895.43,40895.43,0.0,1,TD,0.1208,0,duplicate_charge
40049.54,40049.54,0.0,101,none,0.1414,0,stuck_payment
61449.6,61449.6,0.0,92,BD,0.107,0,no_mismatch
58658.07,47361.86,19.2577,36,none,0.1783,0,wrong_amount
460.53,558.14,21.1951,55,none,0.2153,0,wrong_amount
83833.77,83833.77,0.0,80,none,0.0519,0,stuck_payment
25412.35,25412.35,0.0,28,none,0.1377,0,no_mismatch
30901.87,30901.87,0.0,112,TD,0.1424,0,no_mismatch
25407.71,25407.71,0.0,65,none,0.0727,0,stuck_payment
30314.31,32024.65,5.642,37,BD,0.2332,0,no_mismatch
67252.55,67252.55,0.0,29,none,0.1254,0,no_mismatch
35799.14,45634.43,27.4735,53,none,0.2181,0,wrong_amount
30314.39,30314.39,0.0,27,none,0.0283,0,duplicate_charge
965.4,965.4,0.0,48,TD,0.2262,0,no_mismatch
77267.36,77267.36,0.0,11,none,0.2382,0,no_mismatch
77604.44,77604.44,0.0,22,none,0.1274,0,no_mismatch
34438.35,34438.35,0.0,80,BD,0.1486,0,no_mismatch
88630.65,88630.65,0.0,10,none,0.2431,0,no_mismatch
37573.3,37573.3,0.0,67,none,0.2435,0,stuck_payment
46125.48,46125.48,0.0,23,TD,0.0593,0,no_mismatch
58800.91,58800.91,0.0,98,none,0.032,0,stuck_payment
76566.39,76566.39,0.0,26,none,0.0256,0,no_mismatch
38579.43,38579.43,0.0,91,none,0.2059,0,stuck_payment
15782.92,15782.92,0.0,113,none,0.1212,0,stuck_payment
97809.68,97809.68,0.0,108,none,0.2317,0,stuck_payment
51549.54,65539.19,27.1383,12,none,0.081,0,no_mismatch
19744.52,24972.91,26.4802,47,TD,0.023,1,wrong_amount
22423.36,27862.12,24.2549,2,none,0.1379,0,duplicate_charge
10070.85,13091.55,29.9945,47,none,0.0827,0,wrong_amount
32044.69,32044.69,0.0,108,none,0.067,0,stuck_payment
32621.08,32621.08,0.0,16,none,0.1881,0,no_mismatch
59142.12,75798.25,28.1629,44,TD,0.1101,0,duplicate_charge
93500.07,93500.07,0.0,103,BD,0.1106,0,no_mismatch
69507.99,69507.99,0.0,83,none,0.1578,1,duplicate_charge
89527.64,89527.64,0.0,109,none,0.1363,0,stuck_payment
66448.96,81201.95,22.202,69,BD,0.2078,0,no_mismatch
15279.3,18994.89,24.3178,119,none,0.0509,0,wrong_amount
83582.25,83582.25,0.0,49,none,0.0173,0,stuck_payment
27171.91,27171.91,0.0,120,none,0.189,1,duplicate_charge
56913.44,70566.94,23.9899,64,BD,0.0418,0,no_mismatch
5010.72,5010.72,0.0,19,BD,0.2404,0,no_mismatch
91295.61,91295.61,0.0,44,none,0.1864,0,stuck_payment
19218.32,19218.32,0.0,16,BD,0.0939,0,no_mismatch
18708.01,18708.01,0.0,6,none,0.249,0,no_mismatch
80303.89,102702.67,27.8925,3,none,0.0205,0,wrong_amount
17432.9,17432.9,0.0,24,TD,0.1104,0,wrong_amount
30113.55,30113.55,0.0,58,none,0.1058,0,no_mismatch
96607.29,113404.97,17.3876,112,BD,0.1306,0,no_mismatch
50555.44,50555.44,0.0,89,TD,0.0185,0,no_mismatch
32989.97,32989.97,0.0,56,none,0.0629,0,stuck_payment
53131.23,53131.23,0.0,57,none,0.1014,0,stuck_payment
98255.36,98255.36,0.0,80,none,0.0278,0,stuck_payment
95902.26,95902.26,0.0,17,none,0.0431,0,no_mismatch
88483.62,88483.62,0.0,103,none,0.0564,0,duplicate_charge
92218.28,92218.28,0.0,76,TD,0.1908,0,duplicate_charge
8056.19,8056.19,0.0,2,TD,0.014,0,no_mismatch
76016.81,76016.81,0.0,110,none,0.1508,0,stuck_payment
32332.95,32332.95,0.0,22,none,0.1467,0,duplicate_charge
58953.22,58953.22,0.0,34,none,0.1452,1,no_mismatch
36232.56,36232.56,0.0,17,none,0.1512,0,no_mismatch
95735.55,95735.55,0.0,28,none,0.2068,0,no_mismatch
22184.16,22184.16,0.0,51,none,0.2039,0,stuck_payment
51102.24,51102.24,0.0,105,none,0.1896,0,stuck_payment
79987.53,79987.53,0.0,85,BD,0.2238,0,no_mismatch
66386.93,66386.93,0.0,85,TD,0.2226,0,no_mismatch
16558.49,16558.49,0.0,1,none,0.0366,0,no_mismatch
24622.39,24622.39,0.0,56,none,0.1334,0,stuck_payment
72776.56,72776.56,0.0,107,none,0.2276,0,stuck_payment
50287.94,50287.94,0.0,52,TD,0.2024,0,no_mismatch
97359.24,97359.24,0.0,74,none,0.148,0,stuck_payment
8027.01,8027.01,0.0,26,BD,0.1246,0,no_mismatch
68399.54,68399.54,0.0,77,none,0.2317,0,stuck_payment
48905.62,48905.62,0.0,59,none,0.0309,0,stuck_payment
70604.83,70604.83,0.0,68,none,0.223,0,no_mismatch
42911.38,42911.38,0.0,16,none,0.1665,0,no_mismatch
61919.98,61919.98,0.0,43,TD,0.1572,0,no_mismatch
31897.53,31897.53,0.0,100,none,0.0846,0,stuck_payment
40389.93,40389.93,0.0,55,TD,0.1834,0,no_mismatch
5077.06,5077.06,0.0,45,none,0.2064,1,duplicate_charge
11114.7,11114.7,0.0,108,BD,0.1921,0,no_mismatch
47592.46,47592.46,0.0,23,none,0.0447,0,no_mismatch
75956.52,75956.52,0.0,28,none,0.1691,0,no_mismatch
38218.88,38218.88,0.0,73,none,0.1939,0,stuck_payment
69446.37,69446.37,0.0,103,none,0.1315,1,duplicate_charge
909.86,909.86,0.0,117,none,0.0112,0,stuck_payment
33431.02,33431.02,0.0,96,TD,0.2007,0,no_mismatch
40084.49,40084.49,0.0,14,none,0.0883,0,no_mismatch
88087.04,88087.04,0.0,75,TD,0.1043,0,no_mismatch
43798.1,43798.1,0.0,120,none,0.2477,0,stuck_payment
13864.83,11247.64,18.8765,51,none,0.2146,0,no_mismatch
57381.22,69274.49,20.7268,53,none,0.1604,0,wrong_amount
80321.65,80321.65,0.0,6,TD,0.0305,0,no_mismatch
35805.94,35805.94,0.0,114,none,0.1658,0,stuck_payment
55752.57,55752.57,0.0,87,none,0.0916,0,stuck_payment
13962.1,13962.1,0.0,50,TD,0.0724,0,no_mismatch
37140.97,37140.97,0.0,66,TD,0.1896,1,duplicate_charge
56161.75,56161.75,0.0,3,none,0.2092,1,wrong_amount
78149.53,78149.53,0.0,73,none,0.1557,1,duplicate_charge
48379.12,48379.12,0.0,20,none,0.1751,0,no_mismatch
79367.2,79367.2,0.0,22,none,0.1713,0,no_mismatch
27631.7,27631.7,0.0,67,none,0.1924,0,stuck_payment
64444.87,64444.87,0.0,61,TD,0.1168,0,no_mismatch
78035.18,78035.18,0.0,5,none,0.0968,0,no_mismatch
61314.43,61314.43,0.0,91,TD,0.2105,0,no_mismatch
76606.92,76606.92,0.0,85,none,0.0907,0,stuck_payment
56411.36,56411.36,0.0,93,BD,0.1497,0,duplicate_charge
85873.72,75441.65,12.1482,39,none,0.093,0,wrong_amount
46434.91,45724.16,1.5306,15,BD,0.0899,0,stuck_payment
45539.93,45539.93,0.0,37,none,0.0731,0,no_mismatch
81882.86,81882.86,0.0,89,none,0.042,0,stuck_payment
36591.71,36591.71,0.0,44,none,0.0349,0,stuck_payment
64850.96,64850.96,0.0,63,none,0.1044,0,stuck_payment
64905.26,64905.26,0.0,80,none,0.0464,0,stuck_payment
53687.03,53687.03,0.0,45,none,0.2102,0,stuck_payment
58249.09,58249.09,0.0,45,none,0.1535,0,stuck_payment
36276.32,36276.32,0.0,84,none,0.0206,0,stuck_payment
91003.86,91003.86,0.0,34,none,0.0382,0,no_mismatch
16847.66,16847.66,0.0,95,none,0.241,0,stuck_payment
287.91,297.6,3.3656,104,none,0.2442,0,wrong_amount
9692.0,9692.0,0.0,64,none,0.1274,0,stuck_payment
82069.46,82069.46,0.0,38,BD,0.0938,0,no_mismatch
34070.56,41357.19,21.3869,37,none,0.194,1,duplicate_charge
46201.8,34771.59,24.7398,3,BD,0.0935,0,no_mismatch
65939.44,63864.22,3.1472,50,none,0.1997,0,wrong_amount
3441.01,3441.01,0.0,90,none,0.2366,0,stuck_payment
68022.42,68022.42,0.0,91,TD,0.1898,0,no_mismatch
81061.19,81061.19,0.0,71,none,0.2316,0,duplicate_charge
40240.24,40240.24,0.0,26,none,0.1268,0,no_mismatch
87931.23,87931.23,0.0,91,none,0.1078,0,stuck_payment
45500.01,52848.69,16.1509,100,BD,0.0613,0,no_mismatch
82045.26,82045.26,0.0,79,BD,0.0753,1,duplicate_charge
46862.74,46862.74,0.0,22,none,0.0843,0,no_mismatch
43278.11,43278.11,0.0,119,TD,0.1251,0,no_mismatch
56820.84,56820.84,0.0,105,none,0.2382,0,stuck_payment
96330.22,74145.8,23.0296,86,BD,0.1195,0,no_mismatch
80478.81,80478.81,0.0,56,none,0.1446,0,stuck_payment
82453.77,82453.77,0.0,109,none,0.2377,0,stuck_payment
23804.73,23804.73,0.0,104,none,0.0735,0,no_mismatch
6924.12,6924.12,0.0,111,none,0.1037,0,stuck_payment
10458.25,10458.25,0.0,87,BD,0.0571,0,no_mismatch
7648.33,7648.33,0.0,22,none,0.0482,0,no_mismatch
92334.96,92334.96,0.0,102,none,0.1462,0,stuck_payment
84305.9,84305.9,0.0,111,none,0.2444,0,stuck_payment
45205.34,45205.34,0.0,81,TD,0.2295,0,no_mismatch
18168.26,18168.26,0.0,41,TD,0.2319,0,stuck_payment
9845.82,9845.82,0.0,69,none,0.1935,0,stuck_payment
8624.27,8624.27,0.0,58,TD,0.2419,0,no_mismatch
14524.01,14524.01,0.0,106,none,0.1396,0,stuck_payment
21717.14,21717.14,0.0,93,none,0.0822,1,wrong_amount
77881.57,77881.57,0.0,64,none,0.0724,0,stuck_payment
16664.67,16664.67,0.0,34,none,0.0685,0,no_mismatch
26769.6,25986.12,2.9268,57,TD,0.0597,0,no_mismatch
19639.95,19639.95,0.0,113,none,0.2308,0,stuck_payment
48342.17,48342.17,0.0,2,none,0.1687,0,no_mismatch
10929.9,10929.9,0.0,100,none,0.0447,0,stuck_payment
358.11,358.11,0.0,62,none,0.0258,0,stuck_payment
95850.27,95850.27,0.0,6,TD,0.1357,0,no_mismatch
56135.32,56135.32,0.0,14,none,0.2053,0,no_mismatch
22696.2,22696.2,0.0,21,none,0.0814,0,no_mismatch
40120.51,40120.51,0.0,60,TD,0.1513,1,duplicate_charge
3796.8,3796.8,0.0,88,none,0.1562,1,duplicate_charge
78484.28,78484.28,0.0,103,none,0.2417,0,stuck_payment
75093.81,75093.81,0.0,30,TD,0.0907,0,no_mismatch
11537.82,11537.82,0.0,58,none,0.0396,1,duplicate_charge
86351.3,86351.3,0.0,13,TD,0.2484,0,no_mismatch
39186.86,39186.86,0.0,60,TD,0.0383,0,no_mismatch
24735.63,24735.63,0.0,82,none,0.1849,0,stuck_payment
34158.72,26002.54,23.8773,23,BD,0.1471,0,no_mismatch
2605.88,2605.88,0.0,59,none,0.0763,1,duplicate_charge
86497.46,86497.46,0.0,30,TD,0.2485,0,no_mismatch
75624.93,75624.93,0.0,25,none,0.1592,1,stuck_payment
40884.54,40884.54,0.0,114,none,0.2143,0,stuck_payment
33873.39,33873.39,0.0,74,TD,0.1757,0,no_mismatch
2697.23,2630.37,2.4788,117,none,0.0312,0,wrong_amount
24529.89,26962.1,9.9153,73,none,0.2336,0,wrong_amount
75860.85,75860.85,0.0,13,none,0.1283,0,no_mismatch
69955.96,77205.44,10.3629,117,BD,0.1476,1,duplicate_charge
25439.56,25439.56,0.0,49,BD,0.0324,0,no_mismatch
54132.98,54132.98,0.0,82,none,0.1517,0,stuck_payment
44876.98,44876.98,0.0,15,none,0.1189,0,no_mismatch
45804.76,45804.76,0.0,56,none,0.0123,0,stuck_payment
31085.38,31085.38,0.0,84,none,0.2335,0,stuck_payment
45559.15,45559.15,0.0,108,TD,0.0292,0,no_mismatch
76054.39,81207.05,6.775,75,none,0.1896,0,wrong_amount
45173.76,45173.76,0.0,64,none,0.0734,0,stuck_payment
11719.41,9810.41,16.2892,76,none,0.2196,0,wrong_amount
80219.08,80219.08,0.0,70,BD,0.0927,1,wrong_amount
34156.43,34156.43,0.0,62,BD,0.1526,0,no_mismatch
89110.94,89110.94,0.0,75,none,0.0817,0,stuck_payment
83212.32,84492.03,1.5379,51,none,0.1179,0,wrong_amount
74343.65,74343.65,0.0,60,BD,0.1457,0,no_mismatch
16725.3,16725.3,0.0,27,TD,0.0911,0,no_mismatch
68061.99,68061.99,0.0,75,BD,0.1318,0,no_mismatch
38084.54,38084.54,0.0,95,none,0.2123,0,stuck_payment
59054.26,59054.26,0.0,119,none,0.166,0,stuck_payment
6861.17,6861.17,0.0,120,none,0.1415,1,duplicate_charge
76776.22,76776.22,0.0,57,none,0.1154,0,stuck_payment
4183.93,4183.93,0.0,73,none,0.2081,0,no_mismatch
22359.83,22359.83,0.0,24,none,0.2039,0,duplicate_charge
7068.93,7068.93,0.0,8,none,0.1922,0,no_mismatch
12407.95,12407.95,0.0,54,TD,0.1686,1,duplicate_charge
54009.96,54009.96,0.0,118,TD,0.0584,0,stuck_payment
68472.65,68472.65,0.0,7,none,0.0618,0,no_mismatch
23055.55,23055.55,0.0,3,none,0.2055,0,no_mismatch
83468.4,83468.4,0.0,49,none,0.2438,0,stuck_payment
68037.09,55545.66,18.3597,25,none,0.139,0,wrong_amount
77874.95,77874.95,0.0,12,BD,0.0925,0,no_mismatch
83480.97,93062.03,11.4769,33,none,0.2087,0,wrong_amount
53217.63,53217.63,0.0,44,TD,0.0379,0,wrong_amount
75369.0,75369.0,0.0,101,BD,0.05,0,duplicate_charge
31170.72,38672.1,24.0655,32,none,0.1084,0,wrong_amount
97065.23,97065.23,0.0,103,BD,0.1437,0,no_mismatch
42485.24,42485.24,0.0,58,none,0.0166,0,stuck_payment
22945.62,22945.62,0.0,17,TD,0.0698,1,duplicate_charge
48105.53,48105.53,0.0,12,none,0.1821,0,no_mismatch
40188.25,40188.25,0.0,27,none,0.1962,0,no_mismatch
54040.56,54040.56,0.0,68,none,0.0483,0,duplicate_charge
49756.6,49756.6,0.0,90,BD,0.2023,0,wrong_amount
56781.66,56781.66,0.0,23,none,0.0371,0,no_mismatch
57786.0,57786.0,0.0,15,none,0.0663,0,wrong_amount
54236.01,54236.01,0.0,61,BD,0.0878,0,no_mismatch
17961.86,17961.86,0.0,44,none,0.046,1,duplicate_charge
68142.45,68142.45,0.0,84,none,0.0297,0,stuck_payment
36149.15,36149.15,0.0,35,BD,0.0761,0,no_mismatch
13835.16,13835.16,0.0,9,BD,0.2231,0,no_mismatch
13247.64,13247.64,0.0,84,none,0.1972,0,stuck_payment
40634.8,40634.8,0.0,58,TD,0.051,1,duplicate_charge
86785.34,86785.34,0.0,62,none,0.1941,0,stuck_payment
54331.01,54331.01,0.0,25,TD,0.1475,0,no_mismatch
95239.48,88441.26,7.138,51,none,0.1646,0,wrong_amount
79582.53,79582.53,0.0,43,none,0.1527,0,stuck_payment
40193.46,49135.07,22.2464,65,none,0.159,0,duplicate_charge
9655.81,9966.24,3.215,64,none,0.2133,0,wrong_amount
13310.22,13310.22,0.0,45,BD,0.0414,0,wrong_amount
56278.87,56278.87,0.0,93,none,0.0672,0,stuck_payment
96956.18,96956.18,0.0,1,none,0.1481,0,no_mismatch
75419.69,75419.69,0.0,65,TD,0.2283,0,no_mismatch
96470.18,96470.18,0.0,48,none,0.2045,1,duplicate_charge
84247.55,84247.55,0.0,83,none,0.0778,0,stuck_payment
2037.79,2037.79,0.0,43,none,0.1203,0,stuck_payment
11158.87,11158.87,0.0,40,none,0.0818,0,no_mismatch
82689.91,82689.91,0.0,21,none,0.093,1,duplicate_charge
92575.05,92575.05,0.0,9,TD,0.1668,0,no_mismatch
96787.85,96787.85,0.0,94,none,0.1923,0,stuck_payment
70857.18,70857.18,0.0,22,none,0.0719,0,no_mismatch
30641.09,30641.09,0.0,44,none,0.1594,0,stuck_payment
49591.2,49591.2,0.0,111,none,0.1244,0,stuck_payment
40669.45,40669.45,0.0,40,TD,0.1344,0,no_mismatch
4396.76,3188.72,27.4757,98,none,0.0749,0,wrong_amount
1974.41,1974.41,0.0,38,none,0.2174,0,duplicate_charge
62685.77,62685.77,0.0,73,TD,0.1543,0,no_mismatch
35498.23,35498.23,0.0,54,BD,0.221,0,no_mismatch
69482.83,69482.83,0.0,107,BD,0.0978,0,wrong_amount
92291.99,92291.99,0.0,101,none,0.0227,0,stuck_payment
71811.46,71811.46,0.0,107,none,0.0241,0,stuck_payment
33275.57,33275.57,0.0,14,none,0.0373,0,no_mismatch
81977.27,81977.27,0.0,117,BD,0.1279,0,no_mismatch
42168.31,42168.31,0.0,2,none,0.1622,0,no_mismatch
12674.78,12674.78,0.0,29,TD,0.0892,0,no_mismatch
73722.48,73722.48,0.0,40,TD,0.1481,0,no_mismatch
83423.0,83423.0,0.0,83,none,0.1579,0,stuck_payment
91168.22,91168.22,0.0,62,none,0.0298,0,stuck_payment
86318.15,90690.41,5.0653,99,none,0.188,0,no_mismatch
77959.31,77959.31,0.0,2,BD,0.0587,0,no_mismatch
1688.33,1196.29,29.1436,56,none,0.1188,1,duplicate_charge
84087.03,84087.03,0.0,19,none,0.1273,0,no_mismatch
70595.92,70595.92,0.0,85,none,0.1815,0,stuck_payment
64165.63,52245.01,18.5779,93,none,0.0247,0,wrong_amount
95041.42,95041.42,0.0,35,none,0.0639,0,no_mismatch
95600.19,95600.19,0.0,52,none,0.0765,0,wrong_amount
73960.24,73960.24,0.0,111,TD,0.2479,0,no_mismatch
51387.08,51387.08,0.0,29,none,0.0576,0,no_mismatch
82616.94,77130.85,6.6404,120,none,0.0765,0,wrong_amount
89824.81,89824.81,0.0,7,TD,0.0652,0,no_mismatch
84528.87,103754.86,22.7449,3,none,0.1393,0,wrong_amount
81911.29,87852.11,7.2527,6,none,0.0274,1,no_mismatch
24928.96,24211.32,2.8787,63,none,0.0978,0,wrong_amount
53478.71,53478.71,0.0,103,none,0.2419,0,stuck_payment
69856.62,69856.62,0.0,20,none,0.2063,0,no_mismatch
94635.7,94635.7,0.0,10,BD,0.159,0,no_mismatch
37288.93,33700.21,9.6241,63,none,0.0281,1,duplicate_charge
25021.67,25021.67,0.0,114,none,0.0151,0,stuck_payment
22399.06,22399.06,0.0,79,none,0.2336,0,stuck_payment
61685.39,61685.39,0.0,15,none,0.1293,0,no_mismatch
35858.44,35858.44,0.0,115,none,0.1137,0,stuck_payment
95883.36,95883.36,0.0,17,none,0.1083,1,duplicate_charge
78405.01,68748.44,12.3163,86,none,0.1387,0,wrong_amount
94853.65,94853.65,0.0,41,BD,0.2198,1,duplicate_charge
43638.26,43093.54,1.2483,8,none,0.145,0,wrong_amount
80886.7,80886.7,0.0,54,none,0.1205,1,duplicate_charge
19065.76,19065.76,0.0,55,BD,0.234,1,duplicate_charge
76569.64,77584.33,1.3252,98,none,0.1859,0,wrong_amount
73294.69,73294.69,0.0,63,none,0.1359,0,duplicate_charge
53840.9,53840.9,0.0,36,none,0.225,0,no_mismatch
38648.79,38648.79,0.0,67,BD,0.2421,0,no_mismatch
53612.11,53612.11,0.0,68,none,0.0948,0,stuck_payment
59628.86,59628.86,0.0,81,BD,0.1519,0,no_mismatch
40085.95,40085.95,0.0,98,TD,0.1249,0,stuck_payment
1301.95,1301.95,0.0,92,none,0.2078,0,stuck_payment
98353.24,118086.12,20.0633,58,TD,0.0564,0,no_mismatch
42055.5,35547.79,15.4741,69,TD,0.1945,0,no_mismatch
95234.77,95234.77,0.0,77,none,0.2473,0,stuck_payment
64190.17,64190.17,0.0,37,none,0.0591,0,no_mismatch
8035.14,8035.14,0.0,34,none,0.2365,0,no_mismatch
51558.71,51558.71,0.0,48,BD,0.1447,0,no_mismatch
89332.22,97488.64,9.1304,6,none,0.1558,0,wrong_amount
40276.85,40276.85,0.0,32,none,0.0315,1,duplicate_charge
62619.1,62619.1,0.0,76,none,0.0139,1,duplicate_charge
35014.05,35014.05,0.0,45,none,0.192,0,no_mismatch
77075.98,77075.98,0.0,62,none,0.0144,0,stuck_payment
37914.96,37914.96,0.0,62,BD,0.1979,0,no_mismatch
10862.35,10862.35,0.0,62,none,0.013,0,duplicate_charge
26335.86,33872.73,28.6183,44,none,0.168,0,wrong_amount
29649.16,29649.16,0.0,65,none,0.1828,0,stuck_payment
58656.3,58656.3,0.0,27,none,0.129,0,no_mismatch
23766.47,23766.47,0.0,18,none,0.0334,0,wrong_amount
20299.57,20299.57,0.0,37,TD,0.0627,0,no_mismatch
2846.95,2846.95,0.0,38,TD,0.0478,0,no_mismatch
93690.16,93690.16,0.0,63,none,0.1813,0,no_mismatch
99159.81,99159.81,0.0,83,none,0.2477,0,stuck_payment
38809.85,38809.85,0.0,64,none,0.0962,0,stuck_payment
79864.88,87935.66,10.1055,100,none,0.107,1,duplicate_charge
12826.74,13691.22,6.7397,5,none,0.1885,0,wrong_amount
84815.89,84815.89,0.0,24,none,0.1682,0,duplicate_charge
73684.23,73684.23,0.0,14,none,0.2142,0,no_mismatch
86219.53,86219.53,0.0,2,none,0.1091,0,no_mismatch
70992.82,70992.82,0.0,109,TD,0.149,0,no_mismatch
55377.19,55377.19,0.0,63,none,0.0181,0,stuck_payment
79985.77,79985.77,0.0,42,BD,0.1038,0,no_mismatch
55210.37,55210.37,0.0,110,TD,0.0827,1,wrong_amount
16091.06,16091.06,0.0,89,none,0.0703,0,stuck_payment
39349.34,39349.34,0.0,32,none,0.0663,1,duplicate_charge
36762.43,36762.43,0.0,10,none,0.2192,0,no_mismatch
3253.46,2590.37,20.3811,118,TD,0.0392,0,no_mismatch
66986.66,66986.66,0.0,50,BD,0.0733,0,no_mismatch
78816.82,78816.82,0.0,73,none,0.0398,0,stuck_payment
58058.1,58058.1,0.0,17,none,0.2133,0,no_mismatch
65811.97,65811.97,0.0,114,none,0.1267,0,stuck_payment
66941.16,66941.16,0.0,9,none,0.0629,1,no_mismatch
9414.31,9414.31,0.0,67,BD,0.2365,0,no_mismatch
56280.06,56444.95,0.293,118,BD,0.1789,0,duplicate_charge
63654.47,63654.47,0.0,76,none,0.0843,0,stuck_payment
50282.57,50282.57,0.0,74,none,0.2002,0,stuck_payment
90283.22,90283.22,0.0,38,none,0.1308,0,no_mismatch
7013.98,7567.44,7.8908,98,none,0.0752,0,stuck_payment
94641.96,103958.87,9.8444,77,TD,0.0231,0,duplicate_charge
2829.41,2829.41,0.0,120,none,0.072,0,stuck_payment
61382.34,61382.34,0.0,58,BD,0.2362,0,no_mismatch
10743.61,10743.61,0.0,96,none,0.1576,1,duplicate_charge
81600.45,81600.45,0.0,39,BD,0.21,1,duplicate_charge
16866.19,16866.19,0.0,58,none,0.2357,0,stuck_payment
55696.47,55696.47,0.0,119,none,0.0679,0,stuck_payment
3716.95,4312.67,16.0271,83,none,0.1077,1,wrong_amount
32279.7,32279.7,0.0,50,none,0.0151,0,stuck_payment
29130.25,29130.25,0.0,60,none,0.2204,0,stuck_payment
63594.2,63594.2,0.0,67,none,0.1321,0,wrong_amount
46782.98,46782.98,0.0,32,none,0.0356,0,no_mismatch
92143.18,92143.18,0.0,60,BD,0.0272,0,no_mismatch
95579.96,95579.96,0.0,84,none,0.1478,0,no_mismatch
19807.34,19807.34,0.0,120,BD,0.1367,0,no_mismatch
88508.22,88508.22,0.0,74,none,0.1115,1,duplicate_charge
3747.72,3747.72,0.0,22,none,0.0743,0,no_mismatch
94486.84,94486.84,0.0,43,none,0.1115,0,stuck_payment
23312.98,23312.98,0.0,67,none,0.1455,0,stuck_payment
70162.84,70162.84,0.0,21,TD,0.2466,0,no_mismatch
68002.63,68002.63,0.0,94,TD,0.0685,1,duplicate_charge
93686.37,76339.33,18.5161,50,none,0.2452,0,wrong_amount
38653.09,47230.85,22.1917,83,none,0.0665,0,wrong_amount
21723.95,21723.95,0.0,39,none,0.1767,0,no_mismatch
50706.02,50706.02,0.0,20,none,0.0571,0,no_mismatch
56059.73,56059.73,0.0,68,none,0.0891,0,stuck_payment
83575.8,95590.24,14.3755,71,none,0.0322,0,wrong_amount
99104.19,99104.19,0.0,36,none,0.1998,0,no_mismatch
48212.34,48212.34,0.0,57,none,0.1133,0,stuck_payment
55965.58,70618.28,26.1816,60,none,0.0384,0,wrong_amount
38919.26,38919.26,0.0,51,none,0.151,0,stuck_payment
93452.83,93452.83,0.0,34,none,0.1062,0,no_mismatch
53557.97,53557.97,0.0,2,BD,0.081,0,no_mismatch
64624.23,64624.23,0.0,1,none,0.0654,0,no_mismatch
25128.69,19884.45,20.8695,93,none,0.1048,0,wrong_amount
58360.8,52719.77,9.6658,43,BD,0.2317,0,no_mismatch
5454.24,5322.08,2.4231,86,none,0.0233,0,wrong_amount
42470.83,42470.83,0.0,109,none,0.0562,0,stuck_payment
25312.61,25312.61,0.0,80,none,0.0297,0,stuck_payment
85556.03,68292.57,20.178,84,none,0.1374,0,wrong_amount
97154.2,97154.2,0.0,80,BD,0.1733,0,wrong_amount
91329.23,91329.23,0.0,110,none,0.0407,0,stuck_payment
21883.32,17515.22,19.9609,64,none,0.2365,0,wrong_amount
62846.89,62846.89,0.0,53,none,0.2353,0,stuck_payment
72491.47,69478.53,4.1563,99,none,0.1413,0,stuck_payment
2197.03,2197.03,0.0,11,none,0.2462,0,no_mismatch
12244.27,12244.27,0.0,82,none,0.2439,0,stuck_payment
3002.67,2766.1,7.8787,89,none,0.1558,0,wrong_amount
19008.49,19008.49,0.0,79,none,0.1093,0,stuck_payment
27464.11,27464.11,0.0,19,TD,0.1486,1,duplicate_charge
57199.36,57199.36,0.0,23,none,0.0436,0,no_mismatch
15003.58,15003.58,0.0,104,none,0.119,0,no_mismatch
38115.38,38115.38,0.0,60,none,0.1552,0,stuck_payment
32155.73,32155.73,0.0,120,TD,0.0544,0,no_mismatch
76184.87,76184.87,0.0,88,none,0.1924,0,stuck_payment
92187.3,92187.3,0.0,99,none,0.1401,0,stuck_payment
87223.61,87223.61,0.0,10,none,0.2431,0,no_mismatch
42665.96,33609.4,21.2267,42,none,0.1249,0,wrong_amount
31794.68,31794.68,0.0,87,none,0.1766,0,stuck_payment
90993.64,90993.64,0.0,22,none,0.1374,0,no_mismatch
5307.84,5307.84,0.0,74,BD,0.0465,0,no_mismatch
26718.02,26718.02,0.0,31,none,0.0379,0,no_mismatch
72475.37,72475.37,0.0,93,BD,0.045,0,no_mismatch
29765.98,29765.98,0.0,1,TD,0.0867,0,no_mismatch
58984.78,58984.78,0.0,60,none,0.1832,0,stuck_payment
79685.88,99541.66,24.9176,110,none,0.1933,1,duplicate_charge
96170.88,96170.88,0.0,33,none,0.0747,1,duplicate_charge
6532.62,6532.62,0.0,51,none,0.1195,0,no_mismatch
52817.83,58445.89,10.6556,111,none,0.0348,0,no_mismatch
55605.54,55605.54,0.0,21,TD,0.0174,1,duplicate_charge
4391.83,4391.83,0.0,32,BD,0.2375,0,no_mismatch
57845.85,53459.01,7.5837,66,none,0.2408,0,wrong_amount
17211.23,12626.17,26.6399,11,TD,0.1159,0,no_mismatch
98160.83,98160.83,0.0,38,none,0.0458,1,duplicate_charge
13460.06,11645.68,13.4797,71,TD,0.1407,0,no_mismatch
67374.45,67374.45,0.0,92,TD,0.1571,0,duplicate_charge
88813.53,88813.53,0.0,42,BD,0.1599,0,no_mismatch
35412.9,27876.31,21.282,47,none,0.0178,0,wrong_amount
30427.1,30427.1,0.0,33,none,0.0409,0,no_mismatch
20878.32,19563.42,6.2979,58,BD,0.0678,1,duplicate_charge
74607.64,74607.64,0.0,1,none,0.0557,0,no_mismatch
14320.31,14320.31,0.0,36,TD,0.1197,0,no_mismatch
57474.13,57474.13,0.0,99,none,0.2139,0,stuck_payment
86460.43,97239.42,12.467,29,BD,0.2117,0,no_mismatch
61260.41,61260.41,0.0,61,none,0.0833,0,stuck_payment
85826.99,85826.99,0.0,36,none,0.0254,1,duplicate_charge
10049.06,10049.06,0.0,75,none,0.0174,0,no_mismatch
29085.97,29085.97,0.0,71,BD,0.089,0,no_mismatch
49031.16,49031.16,0.0,75,none,0.2092,0,stuck_payment
458.93,473.04,3.0745,1,none,0.0144,0,wrong_amount
80624.76,80624.76,0.0,91,none,0.1854,0,stuck_payment
12304.69,12304.69,0.0,91,none,0.0484,0,stuck_payment
16348.2,16348.2,0.0,71,none,0.0879,0,stuck_payment
19391.34,19391.34,0.0,57,none,0.0664,0,stuck_payment
74042.98,74042.98,0.0,109,none,0.1293,0,stuck_payment
93848.11,93848.11,0.0,87,TD,0.0974,0,no_mismatch
8785.27,8785.27,0.0,100,TD,0.0879,0,no_mismatch
43596.65,37771.74,13.3609,52,BD,0.0298,0,no_mismatch
53199.27,56997.82,7.1402,117,none,0.2026,0,wrong_amount
79773.32,97943.51,22.7773,16,none,0.1136,0,wrong_amount
84969.61,84969.61,0.0,116,BD,0.1562,0,no_mismatch
36860.82,36860.82,0.0,89,none,0.1686,0,stuck_payment
87940.23,107369.63,22.0939,73,none,0.0871,0,wrong_amount
60765.96,60765.96,0.0,14,none,0.1985,0,no_mismatch
79768.35,79768.35,0.0,91,none,0.0895,0,stuck_payment
14365.32,14365.32,0.0,42,none,0.1739,1,duplicate_charge
38966.56,38966.56,0.0,115,none,0.2423,0,wrong_amount
91165.21,111855.74,22.6956,85,none,0.0503,0,duplicate_charge
20590.09,20590.09,0.0,67,none,0.1002,1,duplicate_charge
51450.39,51450.39,0.0,56,none,0.0269,0,duplicate_charge
63598.42,63598.42,0.0,76,none,0.0645,0,stuck_payment
92076.1,92076.1,0.0,116,BD,0.038,0,no_mismatch
83726.44,83726.44,0.0,82,none,0.2221,0,stuck_payment
12751.92,16219.37,27.1916,90,none,0.0217,0,no_mismatch
84911.74,84911.74,0.0,87,none,0.1398,0,stuck_payment
35341.31,35341.31,0.0,66,none,0.1643,0,stuck_payment
86091.95,86091.95,0.0,66,none,0.1411,0,stuck_payment
77616.64,77616.64,0.0,60,none,0.0683,0,stuck_payment
89664.85,89554.3,0.1233,64,none,0.1577,0,wrong_amount
84980.36,84980.36,0.0,84,none,0.1976,0,stuck_payment
68430.7,68430.7,0.0,33,none,0.0843,0,no_mismatch
96304.77,96304.77,0.0,75,none,0.0509,0,stuck_payment
38621.58,38621.58,0.0,44,TD,0.0657,0,wrong_amount
83051.43,83051.43,0.0,14,none,0.0174,0,no_mismatch
25985.64,25985.64,0.0,84,none,0.0602,0,stuck_payment
33006.04,33006.04,0.0,91,none,0.1878,0,stuck_payment
60636.41,60636.41,0.0,55,none,0.2152,0,stuck_payment
75657.16,75657.16,0.0,64,none,0.1698,0,stuck_payment
7297.13,7297.13,0.0,40,none,0.0623,0,no_mismatch
3990.43,3990.43,0.0,89,TD,0.2491,0,no_mismatch
9876.38,9876.38,0.0,60,none,0.1031,0,stuck_payment
68639.61,68639.61,0.0,41,none,0.1641,1,duplicate_charge
50835.32,50835.32,0.0,75,TD,0.0558,0,no_mismatch
50154.83,50154.83,0.0,31,none,0.1081,0,no_mismatch
34072.75,34072.75,0.0,43,none,0.0204,0,stuck_payment
8791.14,8791.14,0.0,18,none,0.174,0,no_mismatch
19637.19,19637.19,0.0,41,none,0.1806,0,stuck_payment
28545.87,28545.87,0.0,34,none,0.0229,0,no_mismatch
12883.1,12883.1,0.0,63,BD,0.1117,0,stuck_payment
88634.36,88634.36,0.0,91,none,0.0984,0,duplicate_charge
98670.78,69603.61,29.4587,6,none,0.1229,1,duplicate_charge
41867.86,41867.86,0.0,120,none,0.0965,0,stuck_payment
47063.72,47063.72,0.0,99,TD,0.1422,0,no_mismatch
66300.93,78928.99,19.0466,87,none,0.1986,0,wrong_amount
32560.28,32560.28,0.0,52,BD,0.0469,0,no_mismatch
90644.54,90644.54,0.0,31,none,0.1618,0,no_mismatch
29674.36,29674.36,0.0,89,none,0.1711,0,stuck_payment
37160.74,37160.74,0.0,44,none,0.0223,0,wrong_amount
21303.37,21303.37,0.0,1,none,0.1269,0,no_mismatch
80220.81,80220.81,0.0,102,TD,0.1651,0,no_mismatch
85796.79,67182.69,21.6956,34,none,0.1087,1,duplicate_charge
17876.53,17876.53,0.0,32,none,0.1005,0,no_mismatch
81979.75,58372.23,28.7968,24,none,0.0541,1,duplicate_charge
44467.85,44467.85,0.0,87,BD,0.035,0,stuck_payment
3808.91,3808.91,0.0,118,none,0.2302,1,stuck_payment
34141.96,33744.89,1.163,75,none,0.0707,0,wrong_amount
45763.87,45763.87,0.0,115,TD,0.0375,0,no_mismatch
7481.18,7481.18,0.0,88,TD,0.1747,0,no_mismatch
73495.7,73495.7,0.0,10,none,0.0478,0,no_mismatch
78341.34,78341.34,0.0,15,BD,0.0909,1,duplicate_charge
8595.46,7517.26,12.5438,115,none,0.2223,0,wrong_amount
65271.54,65271.54,0.0,36,TD,0.1971,0,no_mismatch
62082.21,62082.21,0.0,95,none,0.2234,0,stuck_payment
89077.35,89077.35,0.0,8,none,0.0462,0,no_mismatch
51903.46,51903.46,0.0,96,BD,0.029,0,no_mismatch
42196.71,42196.71,0.0,7,none,0.0721,0,no_mismatch
36630.92,36630.92,0.0,18,none,0.075,0,no_mismatch
84479.79,84479.79,0.0,89,none,0.1652,0,stuck_payment
95085.7,95085.7,0.0,89,none,0.23,0,stuck_payment
17770.72,17770.72,0.0,58,none,0.1768,0,stuck_payment
54790.75,54790.75,0.0,2,none,0.2045,0,stuck_payment
27331.2,27331.2,0.0,60,none,0.2182,0,stuck_payment
8732.42,8732.42,0.0,66,none,0.1189,0,duplicate_charge
54621.01,46059.46,15.6745,66,none,0.0452,0,wrong_amount
71983.35,71983.35,0.0,97,none,0.0387,1,duplicate_charge
34225.85,34225.85,0.0,10,none,0.236,1,duplicate_charge
38780.54,38780.54,0.0,70,none,0.2008,1,duplicate_charge
83949.06,83949.06,0.0,49,none,0.1233,0,stuck_payment
83827.56,83827.56,0.0,19,none,0.1357,0,no_mismatch
88023.72,88023.72,0.0,34,BD,0.1743,0,no_mismatch
37370.76,37370.76,0.0,11,none,0.2,1,duplicate_charge
60432.63,60432.63,0.0,72,none,0.1435,0,stuck_payment
376.03,376.03,0.0,61,BD,0.1335,0,no_mismatch
40098.58,40098.58,0.0,14,none,0.0195,0,no_mismatch
10435.71,10435.71,0.0,61,none,0.024,0,stuck_payment
42522.42,42522.42,0.0,48,none,0.1533,0,stuck_payment
15251.46,15251.46,0.0,53,BD,0.0229,0,no_mismatch
9249.92,9249.92,0.0,74,none,0.0223,0,stuck_payment
81542.68,81542.68,0.0,95,none,0.1844,1,duplicate_charge
4901.72,4901.72,0.0,37,none,0.0492,0,stuck_payment
62709.1,62709.1,0.0,80,TD,0.0297,0,no_mismatch
17297.65,17297.65,0.0,61,none,0.1598,0,stuck_payment
26976.14,26976.14,0.0,89,none,0.2164,0,stuck_payment
23083.81,23083.81,0.0,42,none,0.1896,0,stuck_payment
30992.29,30992.29,0.0,22,none,0.1021,0,no_mismatch
61591.46,61591.46,0.0,86,none,0.0235,1,duplicate_charge
28492.92,28492.92,0.0,93,TD,0.08,0,no_mismatch
78711.77,78711.77,0.0,12,none,0.2489,0,no_mismatch
93749.45,93749.45,0.0,99,TD,0.1166,0,no_mismatch
75184.26,75184.26,0.0,99,none,0.1559,0,stuck_payment
11609.71,11609.71,0.0,49,none,0.0112,0,stuck_payment
34416.15,34416.15,0.0,104,none,0.0823,0,stuck_payment
80013.86,80013.86,0.0,79,none,0.1339,1,duplicate_charge
27359.73,27359.73,0.0,66,BD,0.2394,0,duplicate_charge
50381.24,61482.58,22.0347,57,TD,0.0894,0,no_mismatch
57798.13,57798.13,0.0,24,TD,0.1936,0,stuck_payment
97404.03,97404.03,0.0,14,BD,0.038,0,stuck_payment
5769.7,5769.7,0.0,48,none,0.2168,0,stuck_payment
25103.5,25103.5,0.0,115,none,0.1429,0,stuck_payment
32218.55,32218.55,0.0,22,BD,0.0957,0,no_mismatch
11866.67,11866.67,0.0,7,none,0.119,0,no_mismatch
65118.36,65118.36,0.0,109,none,0.2206,1,duplicate_charge
15704.05,15704.05,0.0,54,TD,0.0931,0,no_mismatch
49584.47,49584.47,0.0,2,none,0.0897,0,duplicate_charge
16480.14,16480.14,0.0,112,none,0.1262,0,stuck_payment
86459.87,86459.87,0.0,19,none,0.2149,0,no_mismatch
47100.99,47100.99,0.0,78,none,0.0772,0,stuck_payment
591.49,636.23,7.5639,14,none,0.1414,0,wrong_amount
47496.53,47496.53,0.0,24,BD,0.1131,0,no_mismatch
49953.75,49953.75,0.0,104,TD,0.2021,0,no_mismatch
89715.87,89715.87,0.0,111,none,0.1127,0,stuck_payment
51895.15,51895.15,0.0,76,none,0.1359,0,stuck_payment
33131.22,33131.22,0.0,66,TD,0.1185,0,no_mismatch
7020.19,7020.19,0.0,15,none,0.2323,0,no_mismatch
93568.45,93568.45,0.0,28,none,0.2237,1,duplicate_charge
32896.5,32896.5,0.0,24,none,0.0899,0,no_mismatch
98788.33,98788.33,0.0,33,none,0.0698,0,no_mismatch
11176.9,11176.9,0.0,108,none,0.0787,0,stuck_payment
60443.88,60443.88,0.0,101,none,0.1077,0,stuck_payment
7083.56,7083.56,0.0,71,none,0.0427,0,stuck_payment
92167.42,92167.42,0.0,8,none,0.2047,1,duplicate_charge
41946.67,41946.67,0.0,67,BD,0.0859,0,no_mismatch
37938.86,39425.45,3.9184,31,TD,0.0612,0,no_mismatch
67551.21,67551.21,0.0,117,none,0.1901,0,duplicate_charge
53735.88,53735.88,0.0,21,TD,0.1196,0,no_mismatch
41895.14,41895.14,0.0,103,none,0.0412,1,duplicate_charge
54406.27,45518.05,16.3368,72,none,0.1395,0,wrong_amount
90626.45,90626.45,0.0,41,none,0.0817,0,stuck_payment
51114.64,51114.64,0.0,49,TD,0.1139,0,no_mismatch
29715.53,29715.53,0.0,4,TD,0.2151,0,no_mismatch
17684.46,22661.68,28.1446,56,none,0.2287,0,wrong_amount
95233.34,95233.34,0.0,76,none,0.1554,0,stuck_payment
17642.75,17642.75,0.0,21,none,0.2118,0,no_mismatch
44955.85,42876.49,4.6253,11,none,0.2115,0,wrong_amount
61727.69,61727.69,0.0,116,none,0.2002,0,no_mismatch
16841.94,16841.94,0.0,118,BD,0.2182,0,no_mismatch
52343.13,52343.13,0.0,17,none,0.2331,0,no_mismatch
54559.49,70022.92,28.3423,24,none,0.137,0,wrong_amount
98157.58,98157.58,0.0,20,BD,0.2485,0,no_mismatch
56147.71,56147.71,0.0,57,none,0.2396,1,duplicate_charge
18281.47,18281.47,0.0,106,TD,0.1631,0,no_mismatch
87021.59,87021.59,0.0,82,none,0.1253,0,stuck_payment
42585.75,50895.1,19.512,64,none,0.1941,1,duplicate_charge
33126.11,33126.11,0.0,46,none,0.1228,1,duplicate_charge
12670.13,12670.13,0.0,96,none,0.208,0,stuck_payment
34504.65,34504.65,0.0,58,none,0.0154,0,stuck_payment
78887.07,61685.77,21.805,43,none,0.0797,0,wrong_amount
60402.76,60402.76,0.0,88,TD,0.1489,0,no_mismatch
91558.72,91558.72,0.0,5,TD,0.035,0,no_mismatch
55835.97,55835.97,0.0,9,none,0.1501,0,no_mismatch
86436.27,86436.27,0.0,83,none,0.1366,0,stuck_payment
98650.81,98650.81,0.0,78,BD,0.2413,0,no_mismatch
67153.2,67153.2,0.0,96,none,0.1299,0,stuck_payment
18822.49,14033.1,25.445,37,none,0.0893,0,wrong_amount
91810.18,91810.18,0.0,2,none,0.1116,0,no_mismatch
67771.28,67771.28,0.0,41,none,0.1523,0,stuck_payment
95892.81,95892.81,0.0,5,none,0.0158,0,no_mismatch
32370.79,31119.37,3.8659,29,none,0.0688,0,wrong_amount
69411.53,69411.53,0.0,65,none,0.2181,0,stuck_payment
54475.74,54475.74,0.0,55,none,0.0228,0,stuck_payment
54856.63,54856.63,0.0,5,none,0.0141,0,wrong_amount
81879.09,81879.09,0.0,36,none,0.0575,0,no_mismatch
2215.47,2215.47,0.0,58,none,0.1328,0,stuck_payment
99798.65,99798.65,0.0,47,none,0.1684,0,wrong_amount
69714.08,69714.08,0.0,115,TD,0.2406,0,no_mismatch
34391.64,34391.64,0.0,48,BD,0.0922,0,no_mismatch
24075.05,24075.05,0.0,18,none,0.1616,0,no_mismatch
30106.21,30106.21,0.0,114,none,0.0787,1,duplicate_charge
22503.19,22503.19,0.0,21,none,0.0414,0,no_mismatch
89698.77,114806.29,27.9909,115,none,0.1371,0,stuck_payment
16486.15,16486.15,0.0,51,none,0.0331,1,stuck_payment
62952.32,68606.82,8.9822,63,TD,0.081,0,no_mismatch
80402.72,60941.06,24.2052,61,none,0.1936,0,wrong_amount
46376.62,36210.81,21.9201,39,none,0.0553,0,wrong_amount
68351.88,68351.88,0.0,93,none,0.1986,0,stuck_payment
28522.89,28522.89,0.0,2,none,0.0515,0,no_mismatch
77313.08,77313.08,0.0,83,none,0.1986,0,stuck_payment
9116.39,9116.39,0.0,12,none,0.2263,0,no_mismatch
83062.26,94978.77,14.3465,75,none,0.1798,0,wrong_amount
81748.21,81748.21,0.0,33,BD,0.2021,0,no_mismatch
90433.33,90433.33,0.0,53,BD,0.1429,0,wrong_amount
95485.7,95485.7,0.0,27,none,0.1878,0,no_mismatch
23399.02,23399.02,0.0,91,none,0.0265,0,stuck_payment
76737.0,76737.0,0.0,89,TD,0.1208,0,stuck_payment
8809.7,8809.7,0.0,38,none,0.0378,0,no_mismatch
2689.4,2618.85,2.6233,65,BD,0.0637,1,duplicate_charge
59247.1,59247.1,0.0,5,TD,0.1362,0,no_mismatch
55650.19,55650.19,0.0,92,BD,0.1012,0,no_mismatch
80975.99,78132.43,3.5116,87,none,0.1516,0,wrong_amount
7103.35,7103.35,0.0,42,none,0.1448,0,no_mismatch
20769.02,20769.02,0.0,20,TD,0.1134,0,no_mismatch
39929.37,36330.32,9.0135,117,none,0.0127,0,wrong_amount
69109.09,69109.09,0.0,12,none,0.2231,0,wrong_amount
47965.45,36264.47,24.3946,15,TD,0.0594,0,no_mismatch
76367.9,76367.9,0.0,35,none,0.0732,0,no_mismatch
2878.81,2878.81,0.0,33,none,0.1239,0,stuck_payment
5897.33,5897.33,0.0,59,none,0.1788,0,stuck_payment
85980.37,85980.37,0.0,29,BD,0.1006,0,no_mismatch
11855.42,12552.78,5.8822,83,none,0.0284,0,wrong_amount
85292.37,85292.37,0.0,99,BD,0.1949,0,no_mismatch
44005.29,44005.29,0.0,4,none,0.1923,0,no_mismatch
37973.66,37973.66,0.0,8,none,0.2187,1,duplicate_charge
34602.46,34602.46,0.0,52,none,0.217,0,stuck_payment
39781.59,39781.59,0.0,111,none,0.2468,0,stuck_payment
69033.18,79246.85,14.7953,67,none,0.1975,0,wrong_amount
86678.12,103735.79,19.6793,26,TD,0.0619,0,no_mismatch
3159.02,3159.02,0.0,44,none,0.1968,0,stuck_payment
88180.33,88180.33,0.0,68,none,0.1595,0,stuck_payment
24416.24,24416.24,0.0,94,BD,0.1487,0,no_mismatch
52507.43,52507.43,0.0,117,none,0.1762,0,stuck_payment
55085.92,55085.92,0.0,36,none,0.2497,0,wrong_amount
62058.59,72784.75,17.2839,101,BD,0.0615,0,no_mismatch
86206.94,86206.94,0.0,31,none,0.1402,0,no_mismatch
54825.63,54825.63,0.0,51,none,0.2119,0,stuck_payment
95289.46,95289.46,0.0,5,TD,0.0665,0,no_mismatch
36472.81,36472.81,0.0,54,none,0.0756,0,stuck_payment
48012.84,48012.84,0.0,13,none,0.1279,1,wrong_amount
3955.25,3955.25,0.0,59,none,0.2237,0,stuck_payment
48130.51,51887.57,7.806,1,none,0.0366,0,no_mismatch
25380.82,22034.47,13.1846,91,none,0.0614,0,wrong_amount
6937.35,6937.35,0.0,49,BD,0.0837,0,no_mismatch
85988.79,85988.79,0.0,10,BD,0.1558,0,no_mismatch
74859.4,74859.4,0.0,44,none,0.1613,0,stuck_payment
35128.35,35128.35,0.0,95,none,0.2427,0,stuck_payment
75330.65,75330.65,0.0,100,none,0.248,0,stuck_payment
9041.53,9041.53,0.0,4,TD,0.2205,0,no_mismatch
63225.15,63225.15,0.0,44,none,0.095,0,stuck_payment
42456.74,29815.54,29.7743,12,none,0.1093,0,wrong_amount
15303.56,15303.56,0.0,29,none,0.1003,0,no_mismatch
90719.0,90719.0,0.0,89,BD,0.2157,0,no_mismatch
44557.57,44557.57,0.0,27,none,0.1373,0,no_mismatch
65846.21,65846.21,0.0,75,none,0.173,0,stuck_payment
97986.05,97986.05,0.0,34,BD,0.1819,0,duplicate_charge
40698.11,40698.11,0.0,47,BD,0.0372,0,no_mismatch
80372.47,80372.47,0.0,110,none,0.1957,1,duplicate_charge
27581.94,27581.94,0.0,33,none,0.0553,0,no_mismatch
47438.73,47438.73,0.0,2,none,0.0515,0,no_mismatch
57084.21,57084.21,0.0,74,none,0.1804,0,duplicate_charge
18206.11,18206.11,0.0,33,TD,0.1897,0,wrong_amount
32997.38,33835.21,2.5391,108,none,0.2426,0,wrong_amount
13130.02,13130.02,0.0,65,BD,0.0129,0,no_mismatch
93028.82,93028.82,0.0,114,none,0.2174,0,no_mismatch
44738.22,44738.22,0.0,60,none,0.198,0,stuck_payment
31960.53,28958.32,9.3935,105,none,0.0611,0,wrong_amount
16314.39,16314.39,0.0,94,none,0.1267,1,duplicate_charge
95559.42,95559.42,0.0,7,BD,0.0131,0,no_mismatch
94599.71,114809.41,21.3634,82,none,0.1176,0,wrong_amount
73792.93,73792.93,0.0,110,TD,0.2498,0,no_mismatch
56671.23,56671.23,0.0,12,none,0.2148,0,no_mismatch
70590.83,70590.83,0.0,114,none,0.0852,0,stuck_payment
15060.19,15060.19,0.0,105,none,0.0585,0,stuck_payment
16981.3,16981.3,0.0,61,none,0.2163,0,stuck_payment
57420.45,57420.45,0.0,85,TD,0.2304,0,no_mismatch
32638.58,32638.58,0.0,59,none,0.1234,0,stuck_payment
34230.97,34230.97,0.0,114,none,0.2463,0,stuck_payment
86543.94,86543.94,0.0,5,none,0.1352,0,wrong_amount
7391.13,7391.13,0.0,1,none,0.1484,0,no_mismatch
41710.53,53385.68,27.9909,33,none,0.1659,0,wrong_amount
99935.91,99935.91,0.0,31,BD,0.1484,0,no_mismatch
30412.78,30412.78,0.0,39,none,0.1275,0,no_mismatch
81351.97,81351.97,0.0,118,none,0.1664,0,stuck_payment
71073.78,71073.78,0.0,93,none,0.2429,0,stuck_payment
83894.36,83894.36,0.0,59,BD,0.1225,0,no_mismatch
12187.86,13074.37,7.2737,120,BD,0.0308,0,no_mismatch
77112.36,77112.36,0.0,71,none,0.1912,0,stuck_payment
57217.95,57217.95,0.0,79,none,0.1074,0,stuck_payment
14925.41,14925.41,0.0,117,none,0.0588,0,stuck_payment
82911.58,82911.58,0.0,47,none,0.1084,0,stuck_payment
82544.9,82544.9,0.0,14,none,0.0103,1,duplicate_charge
68318.27,68318.27,0.0,2,none,0.1898,0,no_mismatch
2215.38,2051.15,7.4132,68,none,0.1904,0,wrong_amount
71388.07,71388.07,0.0,97,none,0.1492,0,stuck_payment
49921.18,49921.18,0.0,97,none,0.147,0,stuck_payment
51533.48,51533.48,0.0,35,none,0.1714,0,no_mismatch
49221.62,49221.62,0.0,57,none,0.2341,0,duplicate_charge
41043.6,46890.03,14.2444,87,none,0.2049,0,wrong_amount
44220.01,44220.01,0.0,51,none,0.0763,0,wrong_amount
51032.14,51032.14,0.0,58,none,0.0751,0,stuck_payment
35067.5,35067.5,0.0,104,BD,0.0838,0,no_mismatch
75504.12,65594.47,13.1246,51,none,0.2444,1,duplicate_charge
12588.23,12588.23,0.0,85,none,0.0714,0,duplicate_charge
92647.87,92647.87,0.0,29,TD,0.1568,0,no_mismatch
3397.46,3397.46,0.0,97,none,0.0719,0,stuck_payment
73270.83,73270.83,0.0,12,none,0.0923,0,no_mismatch
27249.12,27249.12,0.0,62,none,0.04,0,stuck_payment
20090.56,20090.56,0.0,74,none,0.0159,0,stuck_payment
35880.28,35880.28,0.0,27,none,0.2318,0,no_mismatch
93077.29,79322.74,14.7776,28,none,0.0411,0,wrong_amount
35559.74,35559.74,0.0,99,none,0.1347,0,no_mismatch
89531.43,89531.43,0.0,105,TD,0.1718,0,no_mismatch
75116.43,75116.43,0.0,5,TD,0.0651,0,no_mismatch
76705.6,76705.6,0.0,114,BD,0.1404,0,no_mismatch
14343.24,14343.24,0.0,120,none,0.0591,0,stuck_payment
26783.07,19656.87,26.6071,88,BD,0.1604,0,no_mismatch
51512.38,51512.38,0.0,47,none,0.1939,1,duplicate_charge
36068.73,36068.73,0.0,71,none,0.013,0,stuck_payment
44044.83,44044.83,0.0,103,none,0.1603,0,stuck_payment
68739.62,88319.69,28.4844,70,BD,0.2445,0,no_mismatch
29649.66,29649.66,0.0,46,none,0.1847,0,stuck_payment
9676.32,9676.32,0.0,90,none,0.0634,0,wrong_amount
15818.46,15818.46,0.0,42,TD,0.0449,0,no_mismatch
19902.08,19902.08,0.0,78,none,0.137,0,stuck_payment
26381.09,26381.09,0.0,68,none,0.0612,0,stuck_payment
3897.81,3897.81,0.0,79,none,0.1225,0,stuck_payment
67245.81,67245.81,0.0,87,TD,0.1764,1,stuck_payment
16581.59,16581.59,0.0,48,none,0.2078,0,duplicate_charge
34609.99,34609.99,0.0,11,none,0.1846,0,no_mismatch
1267.16,1267.16,0.0,113,none,0.1658,0,stuck_payment
67142.33,54125.11,19.3875,39,none,0.123,0,duplicate_charge
82900.93,82900.93,0.0,69,none,0.0442,0,stuck_payment
72443.49,56562.6,21.9218,68,none,0.0845,0,wrong_amount
38175.25,41900.92,9.7594,31,none,0.116,0,wrong_amount
67698.77,67698.77,0.0,77,none,0.1576,0,stuck_payment
28974.13,28974.13,0.0,73,none,0.1991,0,stuck_payment
36293.16,36293.16,0.0,84,none,0.0279,1,duplicate_charge
49110.97,46905.77,4.4902,3,none,0.1867,0,wrong_amount
94007.46,94007.46,0.0,49,TD,0.1883,0,no_mismatch
73609.46,73609.46,0.0,60,TD,0.1791,0,no_mismatch
94712.65,94712.65,0.0,118,none,0.0743,0,stuck_payment
97970.88,97970.88,0.0,51,BD,0.033,0,no_mismatch
60360.49,60360.49,0.0,67,none,0.1828,0,stuck_payment
74804.21,74804.21,0.0,110,none,0.1092,0,duplicate_charge
